Workbook

Sheet DEBUT
A1: Désignation produit en anglais | B1: Désignation produit en francais | C1: remarques | D1: Prix d'achat unitaire HT
O2: TOTAL COMMANDE
O3: GREY RAL 7021 | P3: WHITE RAL 9003
A4: BACK PANEL 400X500 | B4: Fond 400 x 500 | D4: 3.20712
A5: BACK PANEL 500X500 | B5: fond 500 x 500 | D5: 4.10872
A6: BACK PANEL 400X700 | B6: Fond 400 x 700 | D6: 3.47
A7: BACK PANEL 500X700 | B7: fond 500 x 700 | D7: 4.27
A8: SLIDING BACK PANEL 400X700 | B8: fond extensible 400 | D8: 6.23
A9: SLIDING BACK PANEL 500X700 | B9: Fond extensible 500 | D9: 7.658
A10: SHELF MONOBLOCK (WITHOUT C LABELS) 200X500 | B10: Tablette 200 x 500 | C10: SEPERATOR WITHOUT HOLES - FLAT separateur sans trou | D10: 2.4472
A11: SHELF MONOBLOCK (WITHOUT C LABELS) 200X700 | B11: Tablette 200 x 700 | C11: SEPERATOR WITHOUT HOLES - FLAT separateur sans trou | D11: 3.38744
A12: SHELF MONOBLOCK (WITHOUT C LABELS) 200X700 | B12: Tablette 200 x 700 pour bacs soldeurs | C12: GLASS SEPERATOR PERFORATED perforation pour separateur verre | D12: 3.38744
A13: SHELF MONOBLOCK (WITHOUT C LABELS) 300X700 | B13: Tabette 300 x 700 pour bacs soldeurs | C13: GLASS SEPERATOR PERFORATED perforation pour separateur verre | D13: 4.0572
A14: SHELF MONOBLOCK (WITHOUT C LABELS) 400 X 700 | B14: Tabette 400 x 700 pour bacs soldeurs | C14: GLASS SEPERATOR PERFORATED perforation pour separateur verre | D14: 4.0572
A15: SHELF MONOBLOCK (WITHOUT C LABELS) 200 X 500 | B15: Tabette 200 x 500 pour bacs soldeurs | C15: GLASS SEPERATOR PERFORATED perforation pour separateur verre | D15: 4.0572
A16: SHELF MONOBLOCK (WITHOUT C LABELS) 300 X 500 | B16: Tabette 300 x 500 pour bacs soldeurs | C16: GLASS SEPERATOR PERFORATED perforation pour separateur verre | D16: 4.0572
A17: SHELF MONOBLOCK (WITHOUT C LABELS) 400 X 500 | B17: Tabette 400 x 500 pour bacs soldeurs | C17: GLASS SEPERATOR PERFORATED perforation pour separateur verre | D17: 4.0572
A18: SHELF MONOBLOCK (WITHOUT C LABELS) 300X500 | B18: Tabette 300 x 500 sans trou | C18: SEPERATOR WITHOUT HOLES - FLAT separateur sans trou | D18: 4.0572
A19: SHELF MONOBLOCK (WITHOUT C LABELS) 400X500 | B19: Tabette 400 x 500 sans trou | C19: SEPERATOR WITHOUT HOLES - FLAT separateur sans trou | D19: 4.0572
A20: SHELF MONOBLOCK (WITHOUT C LABELS) 300X700 | B20: Tabette 300 x 700 sans trou | C20: SEPERATOR WITHOUT HOLES - FLAT separateur sans trou | D20: 4.0572
A21: SHELF MONOBLOCK (WITHOUT C LABELS) 400X700 | B21: Tablette 400 x 700 sans trou | C21: SEPERATOR WITHOUT HOLES - FLAT separateur sans trou | D21: 5.3
... A23: PERFORATED SHELF MONOBLOCK (WITHOUT C LABELS) 400X700 | B23: TABLETTE PERFORÉE (SANS PORTE ETIQUETTE) 400 X 700 | C23: STANDART PERFORATED SHELF Tablette standard perforée | D23: 5.30656
A24: GLASS SEPERATOR APPARATUS-CORNER | B24: SEPARATEUR VERRE D'ANGLE | D24: 0.24
A25: GLASS SEPERATOR APPARATUS-FLAT | B25: SEPARATEUR VERRE PLAT | D25: 0.17
A26: SIDE GLASS SEPERATOR 200X180 , 6MM TEMPERED GLASS | B26: VERRE LATÉRAL VERRE TREMPÉ 6MM 200 X 180 | D26: 7.2
A27: SIDE GLASS SEPERATOR 300X180 , 6MM TEMPERED GLASS | B27: VERRE LATÉRAL VERRE TREMPÉ 6MM 300 X 180 | D27: 7.2
A28: SIDE GLASS SEPERATOR 400X180 , 6MM TEMPERED GLASS | B28: VERRE LATÉRAL VERRE TREMPÉ 6MM 400 X 180 | D28: 7.2
A29: FRONT WINDOW SEPERATOR L:700 H:100, 6MM TEMPERED GLASS | B29: VERRE FRONTAL VERRE TREMPÉ 6 MM 700 X 100 | D29: 7.2
A30: FRONT WINDOW SEPERATOR L:500 H:100, 6MM TEMPERED GLASS | B30: VERRE FRONTAL VERRE TREMPÉ 6 MM 500 X 100 | D30: 7.2
A31: FRONT WINDOW SEPERATOR L:500 H:100, 6MM TEMPERED GLASS | B31: VERRE FRONTAL VERRE TREMPÉ 6 MM 500 X 100 | D31: 7.2
A32: GLASS SHELF (6mm TEMPERED) 200X500 | B32: Tablette verre 200 x 500 | C32: FOR THE MIDDLE COUNTER DESK pour inter comptoir | D32: 8.792
A33: GLASS SHELF (6mm TEMPERED) 200X500 | B33: Tablettes verres 200 X 500 | C33: FOR THE WALL UNIT Pour les linéaires muraux | D33: 8.792
A34: GLASS SHELF (6mm TEMPERED) 200X700 | B34: Tablettes verres 200 X 700 | C34: FOR THE WALL UNIT Pour les linéaires muraux | D34: 9.618
A35: GLASS SHELF (6mm TEMPERED) 300X500 | B35: Tablettes verres 300 X 500 | C35: FOR THE WALL UNIT Pour les linéaires muraux | D35: 9.618
A36: GLASS SHELF (6mm TEMPERED) 300X700 | B36: Tablettes verres 300 X 700 | C36: FOR THE WALL UNIT Pour les linéaires muraux | D36: 9.618
A37: SLIDING SHELF (WITHOUT HOLES) 200X700 | B37: Tablettes extensibles sans trou 200 X 700 | C37: RAL 7201 | D37: 6.622
A38: SLIDING SHELF (WITHOUT HOLES) 300X700 | B38: Tablettes extensibles sans trou 300 X 700 | C38: RAL 7201 | D38: 6.622
A39: SLIDING SHELF (WITHOUT HOLES) 400X700 | B39: Tablettes extensibles sans trou 400 X 700 | C39: RAL 9003 | D39: 8.652
A40: GLASS SHELF CONSOLE 200X700 | B40: Console tablettes verre 200 X 700 | C40: RAL 7201 | D40: 7.22
A41: GLASS SHELF CONSOLE (ONE PIECE) 200X500 | B41: Console tablettes verre 200 X 500 | C41: RAL 7201 | D41: 5.16
A42: GLASS SHELF CONSOLE 300X500 | B42: Console verre 300 x 500 | C42: RAL 7201 | D42: 7.22
A43: GLASS SHELF CONSOLE 300X700 | B43: Console verre 300 x 700 | C43: RAL 7201 | D43: 7.22
A44: METAL STANDART BRACKET FLAT 200 LÜK | B44: Console 200 | C44: RAL 7021 | D44: 0.66128526
A45: METAL STANDART BRACKET FLAT 300 LÜK | B45: Console 300 | D45: 0.73
A46: METAL STANDART BRACKET FLAT 400 LÜK | B46: Console 400 | D46: 0.73
A47: SLIDING METAL PLINTH PLAIN 700 | B47: Plinthe extensible | D47: 1.862
A48: METAL PLINTH PLAIN 500 | B48: Plinthe 500 | D48: 0.966
A49: METAL PLINTH PLAIN 700 | B49: Plinthe 700 | D49: 0.83
A50: PROFILE 30x60 H:2200 | B50: Montant 2200 | D50: 10.4972
A51: PROFILE 30x60 H:1800 | B51: Montant 1800 | D51: 8.6296
A52: PROFILE 30x60 H:1600 | B52: Montant 1600 | D52: 6.78
A53: PROFILE 30x60 H:1400 | B53: Montant 1400 | D53: 6.78
A54: FOOT D:200 | B54: Pied 200 | D54: 2.66616
A55: FOOT D:300 | B55: Pied 300 | D55: 3.43896
A56: FOOT D:400 | B56: Pied 400 | D56: 3.43896
... A61: CARRIER BAR 15X30 D:35 L:700 | B61: barre de charge 700 | D61: 3.49
A62: ADVERTISING CANOPY ON THE UNIT H:100 L:500 | B62: Capot Pub 500 | C62: 4 PCS SCREWS WILL BE ADDED TO EACH PIECE TO FIX THE BACK PANEL 4 vis devront être ajoutée pour une fixation sur les fonds | D62: 4.85
A63: ADVERTISING CANOPY ON THE UNIT H:100 L:700 | B63: Capot pub 700 | C63: 4 PCS SCREWS WILL BE ADDED TO EACH PIECE TO FIX THE BACK PANEL 4 vis devront être ajoutée pour une fixation sur les fonds | D63: 6.8
A64: APPARATUS FOR THE UNIT FIXING TO THE FLOOR | B64: Fixations pour le sol | D64: 1.14
A65: METAL FRONT WIRE H:50 L:700 | B65: Butée frontale métal 700 x 50 | D65: 1.22
A66: STANDARD 700 INTERCONNECTION | B66: Barre de maintien 700 | D66: 2.15
A67: PROFILE SHEET SIDE CLOSING RIGHT H:2200 D:60 | B67: Cache montant droit 2200 | D67: 5.558
A68: PROFILE SHEET SIDE CLOSING LEFT H:2200 D:60 | B68: cache montant gauche 2200 | D68: 5.558
A69: PROFILE SHEET SIDE CLOSING RIGHT H:1800 D:60 | B69: Cache montant droit 1800 | D69: 5.558
A70: PROFILE SHEET SIDE CLOSING LEFT H:1800 D:60 | B70: cache montant gauche 1800 | D70: 5.558
A71: PROFILE SHEET SIDE CLOSING RIGHT H:1600 D:60 | B71: Cache montant droit 1600 | D71: 5.558
A72: PROFILE SHEET SIDE CLOSING LEFT H:1600 D:60 | B72: cache montant gauche 1600 | D72: 5.558
A73: PROFILE SHEET SIDE CLOSING RIGHT H:1400 D:60 | B73: Cache montant droit 1400 | D73: 3.388
A74: PROFILE SHEET SIDE CLOSING LEFT H:1400 D:60 | B74: Cache montant gauche 1400 | D74: 3.388
A75: SHEET GONDOLA CAP ON UNIT L:700 D:60 | B75: capot 700 | D75: 2.128
... A83: MIDDLE COUNTER DESK-PERFORATED BACK PANEL AND ACCESSORIES LxWxH: 53x5x90 | B83: PANNEAU INTERCOMPTOIR PERFORÉ | D83: 19.138
A84: MIDDLE COUNTER DESK 30MM LACQUER WHITE MDF, BODY-DRAWERS 18MM LACQUER WHITE MDF, FRONT FACE 30MM SONOMA, TELESCOPIC RAIL DRAWERS, GxDxY: 53x60x107 (DOUBLE SIDED CABLE HOLE OPENING, THERMICOUS CABLE | B84: INTERCOMPTOIR | C84: SCREW AND SCREW CLOSER TAPE WILL BE GIVEN TO BIND THE COUNTER DESKS. | D84: 160.23
A85: MIDDLE COUNTER DESK RIHGT MODULE 30MM LACQUER WHITE MDF, BODY-DRAWERS 18MM LACQUER WHITE MDF, FRONT FACE 30MM SONOMA, TELESCOPIC RAIL DRAWERS, GxDxY:60x68x100 (BENCH EDGE BAND SONOMA) | B85: COMPTOIR DROIT | C85: SCREW AND SCREW CLOSER TAPE WILL BE GIVEN TO BIND THE COUNTER DESKS. | D85: 207.942
A86: MIDDLE COUNTER DESK LEFT MODULE 30MM LACQUER WHITE MDF, BODY-DRAWERS 18MM LACQUER WHITE MDF, FRONT FACE 30MM SONOMA, TELESCOPIC RAIL DRAWERS, GxDxY:60x68x100 (BENCH EDGE BAND SONOMA) | B86: COMPTOIR GAUCHE | C86: SCREW AND SCREW CLOSER TAPE WILL BE GIVEN TO BIND THE COUNTER DESKS. | D86: 207.942
A87: SINGLE WIRE HOOK FOR CARRIER BAR WITH LABELED (C.B. 15x30, Ø6- 300) L:200 | B87: BROCHE SIMPLE POUR BARRE DE CHARGE AVEC PORTE ÉTIQUETTE L 200 | D87: 0.75
A88: SINGLE WIRE HOOK FOR CARRIER BAR WITH LABELED (C.B. 15x30, Ø6- 300) L:300 | B88: BROCHE SIMPLE POUR BARRE DE CHARGE AVEC PORTE ÉTIQUETTE L 300 | D88: 0.75
A89: SINGLE WIRE HOOK FOR CARRIER BAR WITH LABELED (C.B. 15x30, Ø6- 300) L:400 | B89: BROCHE SIMPLE POUR BARRE DE CHARGE AVEC PORTE ÉTIQUETTE L 400 | D89: 0.75
A90: WIRE HOCK/PERFORATED PANET WITH TICKET RAIL L 200 | B90: BROCHE POUR PANNEAU PERFORÉ AVEC PORTE ÉTIQUETTE L 200 | D90: 0.75

Sheet LINÉAIRE  VERRE Base + 8
A1: Désignation produit en anglais | B1: Désignation produit en francais | C1: remarques | D1: Prix d'achat unitaire HT | E1: LINEAIRE 2200 x 700 x 300 verre base +8 | F1: SUITE LINEAIRE 2200 x 700 x 300 verre base +8 | G1: LINEAIRE 2200 x 700 x 200 verre base +8 | H1: SUITE LINEAIRE 2200 x 700 x 200 verre base +8 | I1: LINEAIRE 2200 x 500 x 200 verre base +8 | J1: LINEAIRE 2200 x 500 x 300 verre base +8
D3: Quantité | E3: 0 | F3: 0 | G3: 0 | H3: 0 | I3: 0 | J3: 0 | O3: TOTAL | P3: prix
A4: BACK PANEL 400X500 | B4: Fond 400 x 500 | D4: 3.20712 | I4: =4*I3 -> 0 | J4: =4*J3 -> 0 | O4: =SUM(E4:J4) -> 0 | P4: =D4*O4 -> 0
A5: BACK PANEL 500X500 | B5: fond 500 x 500 | D5: 4.10872 | I5: =1*I3 -> 0 | J5: =1*J3 -> 0 | O5: =SUM(E5:J5) -> 0 | P5: =D5*O5 -> 0
A6: BACK PANEL 400X700 | B6: Fond 400 x 700 | D6: 3.47 | E6: =4*E3 -> 0 | F6: =4*F3 -> 0 | G6: =4*G3 -> 0 | H6: =4*H3 -> 0 | O6: =SUM(E6:J6) -> 0 | P6: =D6*O6 -> 0
A7: BACK PANEL 500X700 | B7: fond 500 x 700 | D7: 4.27 | E7: =1*E3 -> 0 | F7: =1*F3 -> 0 | G7: =1*G3 -> 0 | H7: =1*H3 -> 0 | O7: =SUM(E7:J7) -> 0 | P7: =D7*O7 -> 0
A8: SLIDING BACK PANEL 400X700 | B8: fond extensible 400 | D8: 6.23 | O8: =SUM(E8:J8) -> 0 | P8: =D8*O8 -> 0
A9: SLIDING BACK PANEL 500X700 | B9: Fond extensible 500 | D9: 7.658 | O9: =SUM(E9:J9) -> 0 | P9: =D9*O9 -> 0
A10: SHELF MONOBLOCK (WIthout c labels) 200X500 | B10: Tablette 200 x 500 | C10: SEPERATOR WITHOUT HOLES - FLAT separateur sans trou | D10: 2.4472 | I10: =1*I3 -> 0 | O10: =SUM(E10:J10) -> 0 | P10: =D10*O10 -> 0
A11: SHELF MONOBLOCK (WITHOUT C LABELS) 200X700 | B11: Tablette 200 x 700 | C11: SEPERATOR WITHOUT HOLES - FLAT separateur sans trou | D11: 3.38744 | G11: =1*G3 -> 0 | H11: =1*H3 -> 0 | O11: =SUM(E11:J11) -> 0 | P11: =D11*O11 -> 0
A12: SHELF MONOBLOCK (WITHOUT C LABELS) 200X700 | B12: Tablette 200 x 700 pour bacs soldeurs | C12: GLASS SEPERATOR PERFORATED perforation pour separateur verre | D12: 3.38744 | O12: =SUM(E12:J12) -> 0 | P12: =D12*O12 -> 0
A13: SHELF MONOBLOCK (WITHOUT C LABELS) 300X700 | B13: Tabette 300 x 700 pour bacs soldeurs | C13: GLASS SEPERATOR PERFORATED perforation pour separateur verre | D13: 4.0572 | O13: =SUM(E13:J13) -> 0 | P13: =D13*O13 -> 0
A14: SHELF MONOBLOCK (WITHOUT C LABELS) 400 X 700 | B14: Tabette 400 x 700 pour bacs soldeurs | C14: GLASS SEPERATOR PERFORATED perforation pour separateur verre | D14: 4.0572 | O14: =SUM(E14:J14) -> 0 | P14: =D14*O14 -> 0
A15: SHELF MONOBLOCK (WITHOUT C LABELS) 200 X 500 | B15: Tabette 200 x 500 pour bacs soldeurs | C15: GLASS SEPERATOR PERFORATED perforation pour separateur verre | D15: 4.0572 | O15: =SUM(E15:J15) -> 0 | P15: =D15*O15 -> 0
A16: SHELF MONOBLOCK (WITHOUT C LABELS) 300 X 500 | B16: Tabette 300 x 500 pour bacs soldeurs | C16: GLASS SEPERATOR PERFORATED perforation pour separateur verre | D16: 4.0572 | O16: =SUM(E16:J16) -> 0 | P16: =D16*O16 -> 0
A17: SHELF MONOBLOCK (WITHOUT C LABELS) 400 X 500 | B17: Tabette 400 x 500 pour bacs soldeurs | C17: GLASS SEPERATOR PERFORATED perforation pour separateur verre | D17: 4.0572 | O17: =SUM(E17:J17) -> 0 | P17: =D17*O17 -> 0
A18: SHELF MONOBLOCK (WITHOUT C LABELS) 300X500 | B18: Tabette 300 x 500 sans trou | C18: SEPERATOR WITHOUT HOLES - FLAT separateur sans trou | D18: 4.0572 | J18: =1*J3 -> 0 | O18: =SUM(E18:J18) -> 0 | P18: =D18*O18 -> 0
A19: SHELF MONOBLOCK (WITHOUT C LABELS) 300X700 | B19: Tabette 300 x 700 sans trou | C19: SEPERATOR WITHOUT HOLES - FLAT separateur sans trou | D19: 4.0572 | E19: =1*E3 -> 0 | F19: =1*F3 -> 0 | O19: =SUM(E19:J19) -> 0 | P19: =D19*O19 -> 0
A20: SHELF MONOBLOCK (WITHOUT C LABELS) 400X700 | B20: Tablette 400 x 700 sans trou | C20: SEPERATOR WITHOUT HOLES - FLAT separateur sans trou | D20: 5.3 | O20: =SUM(E20:J20) -> 0 | P20: =D20*O20 -> 0
A21: SHELF MONOBLOCK (WITHOUT C LABELS) 400X500 | B21: Tabette 400 x 500 sans trou | C21: SEPERATOR WITHOUT HOLES - FLAT separateur sans trou | D21: 4.0572 | O21: =SUM(E21:J21) -> 0
A22: PERFORATED SHELF MONOBLOCK (WITHOUT C LABELS) 300X700 | B22: Tablette 300 x 700 perforée | C22: STANDART PERFORATED SHELF Tablette standard perforée | D22: 5.30656 | O22: =SUM(E22:J22) -> 0 | P22: =D22*O22 -> 0
A23: PERFORATED SHELF MONOBLOCK (WITHOUT C LABELS) 400X700 | B23: TABLETTE PERFORÉE (SANS PORTE ETIQUETTE) 400 X 700 | C23: STANDART PERFORATED SHELF Tablette standard perforée | D23: 5.30656 | O23: =SUM(E23:J23) -> 0 | P23: =D23*O23 -> 0
A24: GLASS SEPERATOR APPARATUS-CORNER | B24: SEPARATEUR VERRE D'ANGLE | D24: 0.24 | O24: =SUM(E24:J24) -> 0 | P24: =D24*O24 -> 0
A25: GLASS SEPERATOR APPARATUS-FLAT | B25: SEPARATEUR VERRE PLAT | D25: 0.17 | O25: =SUM(E25:J25) -> 0 | P25: =D25*O25 -> 0
A26: SIDE GLASS SEPERATOR 200X180 , 6MM TEMPERED GLASS | B26: VERRE LATÉRAL VERRE TREMPÉ 6MM 200 X 180 | D26: 7.2 | O26: =SUM(E26:J26) -> 0 | P26: =D26*O26 -> 0
A27: SIDE GLASS SEPERATOR 300X180 , 6MM TEMPERED GLASS | B27: VERRE LATÉRAL VERRE TREMPÉ 6MM 300 X 180 | D27: 7.2 | O27: =SUM(E27:J27) -> 0 | P27: =D27*O27 -> 0
A28: SIDE GLASS SEPERATOR 400X180 , 6MM TEMPERED GLASS | B28: VERRE LATÉRAL VERRE TREMPÉ 6MM 400 X 180 | D28: 7.2 | O28: =SUM(E28:J28) -> 0 | P28: =D28*O28 -> 0
A29: FRONT WINDOW SEPERATOR L:700 H:100, 6MM TEMPERED GLASS | B29: VERRE FRONTAL VERRE TREMPÉ 6 MM 700 X 100 | D29: 7.2 | O29: =SUM(E29:J29) -> 0 | P29: =D29*O29 -> 0
A30: FRONT WINDOW SEPERATOR L:500 H:100, 6MM TEMPERED GLASS | B30: VERRE FRONTAL VERRE TREMPÉ 6 MM 500 X 100 | D30: 7.2 | O30: =SUM(E30:J30) -> 0 | P30: =D30*O30 -> 0
A31: FRONT WINDOW SEPERATOR L:500 H:100, 6MM TEMPERED GLASS | B31: VERRE FRONTAL VERRE TREMPÉ 6 MM 500 X 100 | D31: 7.2 | O31: =SUM(E31:J31) -> 0 | P31: =D31*O31 -> 0
A32: GLASS SHELF (6mm TEMPERED) 200X500 | B32: Tablette verre 200 x 500 | C32: FOR THE MIDDLE COUNTER DESK pour inter comptoir | D32: 8.792 | O32: =SUM(E32:J32) -> 0 | P32: =D32*O32 -> 0
A33: GLASS SHELF (6mm TEMPERED) 200X500 | B33: Tablettes verres 200 X 500 | C33: FOR THE WALL UNIT Pour les linéaires muraux | D33: 8.792 | I33: =8*I3 -> 0 | O33: =SUM(E33:J33) -> 0 | P33: =D33*O33 -> 0
A34: GLASS SHELF (6mm TEMPERED) 200X700 | B34: Tablettes verres 200 X 700 | C34: FOR THE WALL UNIT Pour les linéaires muraux | D34: 9.618 | G34: =8*G3 -> 0 | H34: =8*H3 -> 0 | O34: =SUM(E34:J34) -> 0 | P34: =D34*O34 -> 0
A35: GLASS SHELF (6mm TEMPERED) 300X500 | B35: Tablettes verres 300 X 500 | C35: FOR THE WALL UNIT Pour les linéaires muraux | D35: 9.618 | J35: =8*J3 -> 0 | O35: =SUM(E35:J35) -> 0 | P35: =D35*O35 -> 0
A36: GLASS SHELF (6mm TEMPERED) 300X700 | B36: Tablettes verres 300 X 700 | C36: FOR THE WALL UNIT Pour les linéaires muraux | D36: 9.618 | E36: =8*E3 -> 0 | F36: =8*F3 -> 0 | O36: =SUM(E36:J36) -> 0 | P36: =D36*O36 -> 0
A37: SLIDING SHELF (WITHOUT HOLES) 200X700 | B37: Tablettes extensibles sans trou 200 | C37: RAL 7021 | D37: 6.622 | O37: =SUM(E37:J37) -> 0 | P37: =D37*O37 -> 0
A38: SLIDING SHELF (WITHOUT HOLES) 300X700 | B38: Tablettes extensibles sans trou 300 X 700 | C38: RAL 7201 | D38: 6.622 | O38: =SUM(E38:J38) -> 0 | P38: =D38*O38 -> 0
A39: SLIDING SHELF (WITHOUT HOLES) 400X700 | B39: Tablettes extensibles sans trou 400 X 700 | C39: RAL 9003 | D39: 8.652 | O39: =SUM(E39:J39) -> 0 | P39: =D39*O39 -> 0
A40: GLASS SHELF CONSOLE 200X700 | B40: Console tablettes verre 200 X 700 | C40: RAL 7201 | D40: 7.22 | G40: =8*G3 -> 0 | H40: =8*H3 -> 0 | O40: =SUM(E40:J40) -> 0 | P40: =D40*O40 -> 0
A41: GLASS SHELF CONSOLE 200X500 | B41: Console tablettes verre 200 X 500 | C41: RAL 7201 | D41: 5.16 | I41: =8*I3 -> 0 | O41: =SUM(E41:J41) -> 0 | P41: =D41*O41 -> 0
A42: GLASS SHELF CONSOLE 300X500 | B42: Console verre 300 x 500 | C42: RAL 7201 | D42: 7.22 | J42: =8*J3 -> 0 | O42: =SUM(E42:J42) -> 0 | P42: =D42*O42 -> 0
A43: GLASS SHELF CONSOLE 300X700 | B43: Console verre 300 x 700 | C43: RAL 7201 | D43: 7.22 | E43: =8*E3 -> 0 | F43: =8*F3 -> 0 | O43: =SUM(E43:J43) -> 0 | P43: =D43*O43 -> 0
A44: METAL STANDART BRACKET FLAT 200 LÜK | B44: Console 200 | C44: RAL 7021 | D44: 0.66128526 | O44: =SUM(E44:J44) -> 0 | P44: =D44*O44 -> 0
A45: METAL STANDART BRACKET FLAT 300 LÜK | B45: Console 300 | C45: RAL 7021 | D45: 0.73 | O45: =SUM(E45:J45) -> 0 | P45: =D45*O45 -> 0
A46: METAL STANDART BRACKET FLAT 400 LÜK | B46: Console 400 | C46: RAL 7021 | D46: 0.73 | O46: =SUM(E46:J46) -> 0 | P46: =D46*O46 -> 0
A47: SLIDING METAL PLINTH PLAIN 700 | B47: Plinthe extensible | C47: RAL 7021 | D47: 1.862 | O47: =SUM(E47:J47) -> 0 | P47: =D47*O47 -> 0
A48: METAL PLINTH PLAIN 500 | B48: Plinthe 500 | C48: RAL 7021 | D48: 0.966 | I48: =1*I3 -> 0 | J48: =1*J3 -> 0 | O48: =SUM(E48:J48) -> 0 | P48: =D48*O48 -> 0
A49: METAL PLINTH PLAIN 700 | B49: Plinthe 700 | C49: RAL 7021 | D49: 0.83 | E49: =1*E3 -> 0 | F49: =1*F3 -> 0 | G49: =1*G3 -> 0 | H49: =1*H3 -> 0 | O49: =SUM(E49:J49) -> 0 | P49: =D49*O49 -> 0
A50: PROFILE 30x60 H:2200 | B50: Montant 2200 | D50: 10.4972 | E50: =2*E3 -> 0 | F50: =1*F3 -> 0 | G50: =2*G3 -> 0 | H50: =1*H3 -> 0 | I50: =2*I3 -> 0 | J50: =2*J3 -> 0 | O50: =SUM(E50:J50) -> 0 | P50: =D50*O50 -> 0
A51: PROFILE 30x60 H:1800 | B51: Montant 1800 | D51: 8.6296 | O51: =SUM(E51:J51) -> 0 | P51: =D51*O51 -> 0
A52: PROFILE 30x60 H:1600 | B52: Montant 1600 | D52: 6.78 | O52: =SUM(E52:J52) -> 0 | P52: =D52*O52 -> 0
A53: PROFILE 30x60 H:1400 | B53: Montant 1400 | D53: 6.78 | O53: =SUM(E53:J53) -> 0 | P53: =D53*O53 -> 0
A54: FOOT D:200 | B54: Pied 200 | D54: 2.66616 | G54: =2*G3 -> 0 | H54: =1*H3 -> 0 | I54: =2*I3 -> 0 | O54: =SUM(E54:J54) -> 0 | P54: =D54*O54 -> 0
A55: FOOT D:300 | B55: Pied 300 | D55: 3.43896 | E55: =2*E3 -> 0 | F55: =1*F3 -> 0 | J55: =2*J3 -> 0 | O55: =SUM(E55:J55) -> 0 | P55: =D55*O55 -> 0
A56: FOOT D:400 | B56: Pied 400 | D56: 3.43896 | J56: =2*J4 -> 0 | O56: =SUM(E56:J56) -> 0 | P56: =D56*O56 -> 0
A57: Adjuster Clip 30*30 - 30*60 - 30*80 *Zinc* | B57: Clip de réglage | D57: 0.15512465 | E57: =2*E3 -> 0 | F57: =1*F3 -> 0 | G57: =2*G3 -> 0 | H57: =1*H3 -> 0 | I57: =2*I3 -> 0 | J57: =2*J3 -> 0 | O57: =SUM(E57:J57) -> 0 | P57: =D57*O57 -> 0
A58: Set Screw Ø30 M10*60 (Td-K8,8) *Zinc* | B58: vis de réglage M10*50 | D58: 0.27922438 | E58: =2*E3 -> 0 | F58: =1*F3 -> 0 | G58: =2*G3 -> 0 | H58: =1*H3 -> 0 | I58: =2*I3 -> 0 | J58: =2*J3 -> 0 | O58: =SUM(E58:J58) -> 0 | P58: =D58*O58 -> 0
A59: Bolt Imbus M10*50 (Bb-Td-Iso7380-K8,8) *Zinc* | B59: Boulon imbus M10*50 | D59: 0.12409972 | E59: =2*E3 -> 0 | F59: =1*F3 -> 0 | G59: =2*G3 -> 0 | H59: =1*H3 -> 0 | I59: =2*I3 -> 0 | J59: =2*J3 -> 0 | O59: =SUM(E59:J59) -> 0 | P59: =D59*O59 -> 0
A60: Nut with Fiber M10 (Ak-Dın985-K6,8) *Zinc* | B60: Ecrou avec fibre M10 | D60: 0.031024931 | E60: =2*E3 -> 0 | F60: =1*F3 -> 0 | G60: =2*G3 -> 0 | H60: =1*H3 -> 0 | I60: =2*I3 -> 0 | J60: =2*J3 -> 0 | O60: =SUM(E60:J60) -> 0 | P60: =D60*O60 -> 0
A61: CARRIER BAR 15X30 D:35 L:700 | B61: barre de charge 700 | D61: 3.49 | O61: =SUM(E61:J61) -> 0 | P61: =D61*O61 -> 0
A62: ADVERTISING CANOPY ON THE UNIT H:100 L:500 | B62: Capot Pub 500 | C62: 4 PCS SCREWS WILL BE ADDED TO EACH PIECE TO FIX THE BACK PANEL 4 vis devront être ajoutée pour une fixation sur les fonds | D62: 4.85 | O62: =SUM(E62:J62) -> 0 | P62: =D62*O62 -> 0
A63: ADVERTISING CANOPY ON THE UNIT H:100 L:700 | B63: Capot pub 700 | C63: 4 PCS SCREWS WILL BE ADDED TO EACH PIECE TO FIX THE BACK PANEL 4 vis devront être ajoutée pour une fixation sur les fonds | D63: 6.8 | O63: =SUM(E63:J63) -> 0 | P63: =D63*O63 -> 0
A64: APPARATUS FOR THE UNIT FIXING TO THE FLOOR | B64: Fixations pour le sol | D64: 1.14 | E64: =2*E3 -> 0 | F64: =1*F3 -> 0 | G64: =2*G3 -> 0 | H64: =1*H3 -> 0 | I64: =2*I3 -> 0 | J64: =2*J3 -> 0 | O64: =SUM(E64:J64) -> 0 | P64: =D64*O64 -> 0
A65: METAL FRONT WIRE H:50 L:700 | B65: Butée frontale métal 700 x 50 | D65: 1.22 | O65: =SUM(E65:J65) -> 0 | P65: =D65*O65 -> 0
A66: STANDARD 700 INTERCONNECTION | B66: BARRE DE MAINTIEN 700 | D66: 2.15 | O66: =SUM(E66:J66) -> 0 | P66: =D66*O66 -> 0
A67: PROFILE SHEET SIDE CLOSING RIGHT H:2200 D:60 | B67: Cache montant droit 2200 | D67: 5.558 | E67: =1*E3 -> 0 | G67: =1*G3 -> 0 | I67: =1*I3 -> 0 | J67: =1*J3 -> 0 | O67: =SUM(E67:J67) -> 0 | P67: =D67*O67 -> 0
A68: PROFILE SHEET SIDE CLOSING LEFT H:2200 D:60 | B68: cache montant gauche 2200 | D68: 5.558 | E68: =1*E3 -> 0 | G68: =1*G3 -> 0 | I68: =1*I3 -> 0 | J68: =1*J3 -> 0 | O68: =SUM(E68:J68) -> 0 | P68: =D68*O68 -> 0
A69: PROFILE SHEET SIDE CLOSING RIGHT H:1800 D:60 | B69: Cache montant droit 1800 | D69: 5.558 | O69: =SUM(E69:J69) -> 0 | P69: =D69*O69 -> 0
A70: PROFILE SHEET SIDE CLOSING LEFT H:1800 D:60 | B70: cache montant gauche 1800 | D70: 5.558 | O70: =SUM(E70:J70) -> 0 | P70: =D70*O70 -> 0
A71: PROFILE SHEET SIDE CLOSING RIGHT H:1600 D:60 | B71: Cache montant droit 1600 | D71: 5.558 | O71: =SUM(E71:J71) -> 0 | P71: =D71*O71 -> 0
A72: PROFILE SHEET SIDE CLOSING LEFT H:1600 D:60 | B72: cache montant gauche 1600 | D72: 5.558 | O72: =SUM(E72:J72) -> 0 | P72: =D72*O72 -> 0
A73: PROFILE SHEET SIDE CLOSING RIGHT H:1400 D:60 | B73: Cache montant droit 1400 | D73: 3.388 | O73: =SUM(E73:J73) -> 0 | P73: =D73*O73 -> 0
A74: PROFILE SHEET SIDE CLOSING LEFT H:1400 D:60 | B74: Cache montant gauche 1400 | D74: 3.388 | O74: =SUM(E74:J74) -> 0 | P74: =D74*O74 -> 0
A75: SHEET GONDOLA CAP ON UNIT L:700 D:60 | B75: capot 700 | D75: 2.128 | O75: =SUM(E75:J75) -> 0 | P75: =D75*O75 -> 0
A76: SHEET SLIDING GONDOLA CAP ON UNIT L:700 D:60 | B76: capot extensible | D76: 2.702 | O76: =SUM(E76:J76) -> 0 | P76: =D76*O76 -> 0
A77: SHEET GONDOLA CAP FOR FOOT RIGHT D:200 | B77: cache pied droit 200 | D77: 0.686 | G77: =1*G3 -> 0 | I77: =1*I3 -> 0 | O77: =SUM(E77:J77) -> 0 | P77: =D77*O77 -> 0
A78: SHEET GONDOLA CAP FOR FOOT LEFT D:200 | B78: cache pied gauche 200 | D78: 0.686 | G78: =1*G3 -> 0 | I78: =1*I3 -> 0 | O78: =SUM(E78:J78) -> 0 | P78: =D78*O78 -> 0
A79: SHEET GONDOLA CAP FOR FOOT RIGHT D:300 | B79: cache pied droit 300 | D79: 0.98 | E79: =1*E3 -> 0 | J79: =1*J3 -> 0 | O79: =SUM(E79:J79) -> 0 | P79: =D79*O79 -> 0
A80: SHEET GONDOLA CAP FOR FOOT LEFT D:300 | B80: Cache pied gauche 300 | D80: 0.98 | E80: =1*E3 -> 0 | J80: =1*J3 -> 0 | O80: =SUM(E80:J80) -> 0 | P80: =D80*O80 -> 0
A81: SHEET GONDOLA CAP FOR FOOT RIGHT D:400 | B81: cache pied droit 400 | D81: 0.98 | J81: =1*J5 -> 0 | O81: =SUM(E81:J81) -> 0 | P81: =D81*O81 -> 0
A82: SHEET GONDOLA CAP FOR FOOT LEFT D:400 | B82: Cache pied gauche 400 | D82: 0.98 | J82: =1*J5 -> 0 | O82: =SUM(E82:J82) -> 0 | P82: =D82*O82 -> 0
A83: MIDDLE COUNTER DESK-PERFORATED BACK PANEL AND ACCESSORIES LxWxH: 53x5x90 | B83: PANNEAU INTERCOMPTOIR PERFORÉ | D83: 19.138 | O83: =SUM(E83:J83) -> 0 | P83: =D83*O83 -> 0
A84: MIDDLE COUNTER DESK 30MM LACQUER WHITE MDF, BODY-DRAWERS 18MM LACQUER WHITE MDF, FRONT FACE 30MM SONOMA, TELESCOPIC RAIL DRAWERS, GxDxY: 53x60x107 (DOUBLE SIDED CABLE HOLE OPENING, THERMICOUS CABLE | B84: INTERCOMPTOIR | C84: SCREW AND SCREW CLOSER TAPE WILL BE GIVEN TO BIND THE COUNTER DESKS. | D84: 160.23 | O84: =SUM(E84:J84) -> 0 | P84: =D84*O84 -> 0
A85: MIDDLE COUNTER DESK RIHGT MODULE 30MM LACQUER WHITE MDF, BODY-DRAWERS 18MM LACQUER WHITE MDF, FRONT FACE 30MM SONOMA, TELESCOPIC RAIL DRAWERS, GxDxY:60x68x100 (BENCH EDGE BAND SONOMA) | B85: COMPTOIR DROIT | C85: SCREW AND SCREW CLOSER TAPE WILL BE GIVEN TO BIND THE COUNTER DESKS. | D85: 207.942 | O85: =SUM(E85:J85) -> 0 | P85: =D85*O85 -> 0
A86: MIDDLE COUNTER DESK LEFT MODULE 30MM LACQUER WHITE MDF, BODY-DRAWERS 18MM LACQUER WHITE MDF, FRONT FACE 30MM SONOMA, TELESCOPIC RAIL DRAWERS, GxDxY:60x68x100 (BENCH EDGE BAND SONOMA) | B86: COMPTOIR GAUCHE | C86: SCREW AND SCREW CLOSER TAPE WILL BE GIVEN TO BIND THE COUNTER DESKS. | D86: 207.942 | O86: =SUM(E86:J86) -> 0 | P86: =D86*O86 -> 0
A87: SINGLE WIRE HOOK FOR CARRIER BAR WITH LABELED (C.B. 15x30, Ø6- 300) L:200 | B87: BROCHE SIMPLE POUR BARRE DE CHARGE AVEC PORTE ÉTIQUETTE L 200 | D87: 0.75 | O87: =SUM(E87:J87) -> 0 | P87: =D87*O87 -> 0
A88: SINGLE WIRE HOOK FOR CARRIER BAR WITH LABELED (C.B. 15x30, Ø6- 300) L:300 | B88: BROCHE SIMPLE POUR BARRE DE CHARGE AVEC PORTE ÉTIQUETTE L 300 | D88: 0.75 | O88: =SUM(E88:J88) -> 0 | P88: =D88*O88 -> 0
A89: SINGLE WIRE HOOK FOR CARRIER BAR WITH LABELED (C.B. 15x30, Ø6- 300) L:400 | B89: BROCHE SIMPLE POUR BARRE DE CHARGE AVEC PORTE ÉTIQUETTE L 400 | D89: 0.75 | O89: =SUM(E89:J89) -> 0 | P89: =D89*O89 -> 0
A90: WIRE HOCK/PERFORATED PANET WITH TICKET RAIL L 200 | B90: BROCHE POUR PANNEAU PERFORÉ AVEC PORTE ÉTIQUETTE L 200 | D90: 0.75 | O90: =SUM(E90:J90) -> 0 | P90: =D90*O90 -> 0
O92: Total | P92: =SUM(P4:P90) -> 0

Sheet LINÉAIREVERRE BASE + 9
A1: Désignation produit en anglais | B1: Désignation produit en francais | C1: remarques | D1: Prix d'achat unitaire HT | E1: LINEAIRE 2200 x 700 x 300 verre base +9 | F1: SUITE LINEAIRE 2200 x 700 x 300 verre base +9 | G1: LINEAIRE 2200 x 700 x 200 verre base +9 | H1: SUITE LINEAIRE 2200 x 700 x 200 verre base +9 | I1: LINEAIRE 2200 x 500 x 200 verre base +9 | J1: LINEAIRE 2200 x 500 x 300 verre base + 9
D3: Quantité | E3: 0 | F3: 0 | G3: 0 | H3: 0 | I3: 0 | J3: 0 | O3: TOTAL | P3: prix
A4: BACK PANEL 400X500 | B4: Fond 400 x 500 | D4: 3.20712 | I4: =4*I3 -> 0 | J4: =4*J3 -> 0 | O4: =SUM(E4:J4) -> 0 | P4: =D4*O4 -> 0
A5: BACK PANEL 500X500 | B5: fond 500 x 500 | D5: 4.10872 | I5: =1*I3 -> 0 | J5: =1*J3 -> 0 | O5: =SUM(E5:J5) -> 0 | P5: =D5*O5 -> 0
A6: BACK PANEL 400X700 | B6: Fond 400 x 700 | D6: 3.47 | E6: =4*E3 -> 0 | F6: =4*F3 -> 0 | G6: =4*G3 -> 0 | H6: =4*H3 -> 0 | O6: =SUM(E6:J6) -> 0 | P6: =D6*O6 -> 0
A7: BACK PANEL 500X700 | B7: fond 500 x 700 | D7: 4.27 | E7: =1*E3 -> 0 | F7: =1*F3 -> 0 | G7: =1*G3 -> 0 | H7: =1*H3 -> 0 | O7: =SUM(E7:J7) -> 0 | P7: =D7*O7 -> 0
A8: SLIDING BACK PANEL 400X700 | B8: fond extensible 400 | D8: 6.23 | O8: =SUM(E8:J8) -> 0 | P8: =D8*O8 -> 0
A9: SLIDING BACK PANEL 500X700 | B9: Fond extensible 500 | D9: 7.658 | O9: =SUM(E9:J9) -> 0 | P9: =D9*O9 -> 0
A10: SHELF MONOBLOCK (WIthout c labels) 200X500 | B10: Tablette 200 x 500 | C10: SEPERATOR WITHOUT HOLES - FLAT separateur sans trou | D10: 2.4472 | I10: =1*I3 -> 0 | O10: =SUM(E10:J10) -> 0 | P10: =D10*O10 -> 0
A11: SHELF MONOBLOCK (WITHOUT C LABELS) 200X700 | B11: Tablette 200 x 700 | C11: SEPERATOR WITHOUT HOLES - FLAT separateur sans trou | D11: 3.38744 | G11: =1*G3 -> 0 | H11: =1*H3 -> 0 | O11: =SUM(E11:J11) -> 0 | P11: =D11*O11 -> 0
A12: SHELF MONOBLOCK (WITHOUT C LABELS) 200X700 | B12: Tablette 200 x 700 pour bacs soldeurs | C12: GLASS SEPERATOR PERFORATED perforation pour separateur verre | D12: 3.38744 | O12: =SUM(E12:J12) -> 0 | P12: =D12*O12 -> 0
A13: SHELF MONOBLOCK (WITHOUT C LABELS) 300X700 | B13: Tabette 300 x 700 pour bacs soldeurs | C13: GLASS SEPERATOR PERFORATED perforation pour separateur verre | D13: 4.0572 | O13: =SUM(E13:J13) -> 0 | P13: =D13*O13 -> 0
A14: SHELF MONOBLOCK (WITHOUT C LABELS) 400 X 700 | B14: Tabette 400 x 700 pour bacs soldeurs | C14: GLASS SEPERATOR PERFORATED perforation pour separateur verre | D14: 4.0572 | O14: =SUM(E14:J14) -> 0 | P14: =D14*O14 -> 0
A15: SHELF MONOBLOCK (WITHOUT C LABELS) 200 X 500 | B15: Tabette 200 x 500 pour bacs soldeurs | C15: GLASS SEPERATOR PERFORATED perforation pour separateur verre | D15: 4.0572 | O15: =SUM(E15:J15) -> 0 | P15: =D15*O15 -> 0
A16: SHELF MONOBLOCK (WITHOUT C LABELS) 300 X 500 | B16: Tabette 300 x 500 pour bacs soldeurs | C16: GLASS SEPERATOR PERFORATED perforation pour separateur verre | D16: 4.0572 | O16: =SUM(E16:J16) -> 0 | P16: =D16*O16 -> 0
A17: SHELF MONOBLOCK (WITHOUT C LABELS) 400 X 500 | B17: Tabette 400 x 500 pour bacs soldeurs | C17: GLASS SEPERATOR PERFORATED perforation pour separateur verre | D17: 4.0572 | O17: =SUM(E17:J17) -> 0 | P17: =D17*O17 -> 0
A18: SHELF MONOBLOCK (WITHOUT C LABELS) 300X500 | B18: Tabette 300 x 500 sans trou | C18: SEPERATOR WITHOUT HOLES - FLAT separateur sans trou | D18: 4.0572 | J18: =1*J3 -> 0 | O18: =SUM(E18:J18) -> 0 | P18: =D18*O18 -> 0
A19: SHELF MONOBLOCK (WITHOUT C LABELS) 400X500 | B19: Tabette 400 x 500 sans trou | C19: SEPERATOR WITHOUT HOLES - FLAT separateur sans trou | D19: 4.0572
A20: SHELF MONOBLOCK (WITHOUT C LABELS) 300X700 | B20: Tabette 300 x 700 sans trou | C20: SEPERATOR WITHOUT HOLES - FLAT separateur sans trou | D20: 4.0572 | E20: =1*E3 -> 0 | F20: =1*F3 -> 0 | O20: =SUM(E20:J20) -> 0 | P20: =D20*O20 -> 0
A21: SHELF MONOBLOCK (WITHOUT C LABELS) 400X700 | B21: Tablette 400 x 700 sans trou | C21: SEPERATOR WITHOUT HOLES - FLAT separateur sans trou | D21: 5.3 | O21: =SUM(E21:J21) -> 0 | P21: =D21*O21 -> 0
A22: PERFORATED SHELF MONOBLOCK (WITHOUT C LABELS) 300X700 | B22: Tablette 300 x 700 perforée | C22: STANDART PERFORATED SHELF Tablette standard perforée | D22: 5.30656 | O22: =SUM(E22:J22) -> 0 | P22: =D22*O22 -> 0
A23: PERFORATED SHELF MONOBLOCK (WITHOUT C LABELS) 400X700 | B23: TABLETTE PERFORÉE (SANS PORTE ETIQUETTE) 400 X 700 | C23: STANDART PERFORATED SHELF Tablette standard perforée | D23: 5.30656 | O23: =SUM(E23:J23) -> 0 | P23: =D23*O23 -> 0
A24: GLASS SEPERATOR APPARATUS-CORNER | B24: SEPARATEUR VERRE D'ANGLE | D24: 0.24 | O24: =SUM(E24:J24) -> 0 | P24: =D24*O24 -> 0
A25: GLASS SEPERATOR APPARATUS-FLAT | B25: SEPARATEUR VERRE PLAT | D25: 0.17 | O25: =SUM(E25:J25) -> 0 | P25: =D25*O25 -> 0
A26: SIDE GLASS SEPERATOR 200X180 , 6MM TEMPERED GLASS | B26: VERRE LATÉRAL VERRE TREMPÉ 6MM 200 X 180 | D26: 7.2 | O26: =SUM(E26:J26) -> 0 | P26: =D26*O26 -> 0
A27: SIDE GLASS SEPERATOR 300X180 , 6MM TEMPERED GLASS | B27: VERRE LATÉRAL VERRE TREMPÉ 6MM 300 X 180 | D27: 7.2 | O27: =SUM(E27:J27) -> 0 | P27: =D27*O27 -> 0
A28: SIDE GLASS SEPERATOR 400X180 , 6MM TEMPERED GLASS | B28: VERRE LATÉRAL VERRE TREMPÉ 6MM 400 X 180 | D28: 7.2 | O28: =SUM(E28:J28) -> 0 | P28: =D28*O28 -> 0
A29: FRONT WINDOW SEPERATOR L:700 H:100, 6MM TEMPERED GLASS | B29: VERRE FRONTAL VERRE TREMPÉ 6 MM 700 X 100 | D29: 7.2 | O29: =SUM(E29:J29) -> 0 | P29: =D29*O29 -> 0
A30: FRONT WINDOW SEPERATOR L:500 H:100, 6MM TEMPERED GLASS | B30: VERRE FRONTAL VERRE TREMPÉ 6 MM 500 X 100 | D30: 7.2 | O30: =SUM(E30:J30) -> 0 | P30: =D30*O30 -> 0
A31: FRONT WINDOW SEPERATOR L:500 H:100, 6MM TEMPERED GLASS | B31: VERRE FRONTAL VERRE TREMPÉ 6 MM 500 X 100 | D31: 7.2 | O31: =SUM(E31:J31) -> 0 | P31: =D31*O31 -> 0
A32: GLASS SHELF (6mm TEMPERED) 200X500 | B32: Tablette verre 200 x 500 | C32: FOR THE MIDDLE COUNTER DESK pour inter comptoir | D32: 8.792 | O32: =SUM(E32:J32) -> 0 | P32: =D32*O32 -> 0
A33: GLASS SHELF (6mm TEMPERED) 200X500 | B33: Tablettes verres 200 X 500 | C33: FOR THE WALL UNIT Pour les linéaires muraux | D33: 8.792 | I33: =9*I3 -> 0 | O33: =SUM(E33:J33) -> 0 | P33: =D33*O33 -> 0
A34: GLASS SHELF (6mm TEMPERED) 200X700 | B34: Tablettes verres 200 X 700 | C34: FOR THE WALL UNIT Pour les linéaires muraux | D34: 9.618 | G34: =9*G3 -> 0 | H34: =9*H3 -> 0 | O34: =SUM(E34:J34) -> 0 | P34: =D34*O34 -> 0
A35: GLASS SHELF (6mm TEMPERED) 300X500 | B35: Tablettes verres 300 X 500 | C35: FOR THE WALL UNIT Pour les linéaires muraux | D35: 9.618 | J35: =9*J3 -> 0 | O35: =SUM(E35:J35) -> 0 | P35: =D35*O35 -> 0
A36: GLASS SHELF (6mm TEMPERED) 300X700 | B36: Tablettes verres 300 X 700 | C36: FOR THE WALL UNIT Pour les linéaires muraux | D36: 9.618 | E36: =9*E3 -> 0 | F36: =9*F3 -> 0 | O36: =SUM(E36:J36) -> 0 | P36: =D36*O36 -> 0
A37: SLIDING SHELF (WITHOUT HOLES) 200X700 | B37: Tablettes extensibles sans trou 200 | C37: RAL 7021 | D37: 6.622 | O37: =SUM(E37:J37) -> 0 | P37: =D37*O37 -> 0
A38: SLIDING SHELF (WITHOUT HOLES) 300X700 | B38: Tablettes extensibles sans trou 300 X 700 | C38: RAL 7201 | D38: 6.622 | O38: =SUM(E38:J38) -> 0 | P38: =D38*O38 -> 0
A39: SLIDING SHELF (WITHOUT HOLES) 400X700 | B39: Tablettes extensibles sans trou 400 X 700 | C39: RAL 9003 | D39: 8.652 | O39: =SUM(E39:J39) -> 0 | P39: =D39*O39 -> 0
A40: GLASS SHELF CONSOLE 200X700 | B40: Console tablettes verre 200 X 700 | C40: RAL 7201 | D40: 7.22 | G40: =9*G3 -> 0 | H40: =9*H3 -> 0 | O40: =SUM(E40:J40) -> 0 | P40: =D40*O40 -> 0
A41: GLASS SHELF CONSOLE 200X500 | B41: Console tablettes verre 200 X 500 | C41: RAL 7201 | D41: 5.16 | I41: =9*I3 -> 0 | O41: =SUM(E41:J41) -> 0 | P41: =D41*O41 -> 0
A42: GLASS SHELF CONSOLE 300X500 | B42: Console verre 300 x 500 | C42: RAL 7201 | D42: 7.22 | J42: =9*J3 -> 0 | O42: =SUM(E42:J42) -> 0 | P42: =D42*O42 -> 0
A43: GLASS SHELF CONSOLE 300X700 | B43: Console verre 300 x 700 | C43: RAL 7201 | D43: 7.22 | E43: =9*E3 -> 0 | F43: =9*F3 -> 0 | O43: =SUM(E43:J43) -> 0 | P43: =D43*O43 -> 0
A44: METAL STANDART BRACKET FLAT 200 LÜK | B44: Console 200 | C44: RAL 7021 | D44: 0.66128526 | O44: =SUM(E44:J44) -> 0 | P44: =D44*O44 -> 0
A45: METAL STANDART BRACKET FLAT 300 LÜK | B45: Console 300 | D45: 0.73 | O45: =SUM(E45:J45) -> 0 | P45: =D45*O45 -> 0
A46: METAL STANDART BRACKET FLAT 400 LÜK | B46: Console 400 | D46: 0.73 | O46: =SUM(E46:J46) -> 0 | P46: =D46*O46 -> 0
A47: SLIDING METAL PLINTH PLAIN 700 | B47: Plinthe extensible | D47: 1.862 | O47: =SUM(E47:J47) -> 0 | P47: =D47*O47 -> 0
A48: METAL PLINTH PLAIN 500 | B48: Plinthe 500 | D48: 0.966 | I48: =1*I3 -> 0 | J48: =1*J3 -> 0 | O48: =SUM(E48:J48) -> 0 | P48: =D48*O48 -> 0
A49: METAL PLINTH PLAIN 700 | B49: Plinthe 700 | D49: 0.83 | E49: =1*E3 -> 0 | F49: =1*F3 -> 0 | G49: =1*G3 -> 0 | H49: =1*H3 -> 0 | O49: =SUM(E49:J49) -> 0 | P49: =D49*O49 -> 0
A50: PROFILE 30x60 H:2200 | B50: Montant 2200 | D50: 10.4972 | E50: =2*E3 -> 0 | F50: =1*F3 -> 0 | G50: =2*G3 -> 0 | H50: =1*H3 -> 0 | I50: =2*I3 -> 0 | J50: =2*J3 -> 0 | O50: =SUM(E50:J50) -> 0 | P50: =D50*O50 -> 0
A51: PROFILE 30x60 H:1800 | B51: Montant 1800 | D51: 8.6296 | O51: =SUM(E51:J51) -> 0 | P51: =D51*O51 -> 0
A52: PROFILE 30x60 H:1600 | B52: Montant 1600 | D52: 6.78 | O52: =SUM(E52:J52) -> 0 | P52: =D52*O52 -> 0
A53: PROFILE 30x60 H:1400 | B53: Montant 1400 | D53: 6.78 | O53: =SUM(E53:J53) -> 0 | P53: =D53*O53 -> 0
A54: FOOT D:200 | B54: Pied 200 | D54: 2.66616 | G54: =2*G3 -> 0 | H54: =1*H3 -> 0 | I54: =2*I3 -> 0 | O54: =SUM(E54:J54) -> 0 | P54: =D54*O54 -> 0
A55: FOOT D:300 | B55: Pied 300 | D55: 3.43896 | E55: =2*E3 -> 0 | F55: =1*F3 -> 0 | J55: =2*J3 -> 0 | O55: =SUM(E55:J55) -> 0 | P55: =D55*O55 -> 0
A56: FOOT D:400 | B56: Pied 400 | D56: 3.43896 | E56: =2*E4 -> 0 | F56: =1*F4 -> 0 | J56: =2*J4 -> 0 | O56: =SUM(E56:J56) -> 0 | P56: =D56*O56 -> 0
A57: Adjuster Clip 30*30 - 30*60 - 30*80 *Zinc* | B57: Clip de réglage | D57: 0.15512465 | E57: =2*E3 -> 0 | F57: =1*F3 -> 0 | G57: =2*G3 -> 0 | H57: =1*H3 -> 0 | I57: =2*I3 -> 0 | J57: =2*J3 -> 0 | O57: =SUM(E57:J57) -> 0 | P57: =D57*O57 -> 0
A58: Set Screw Ø30 M10*60 (Td-K8,8) *Zinc* | B58: vis de réglage M10*50 | D58: 0.27922438 | E58: =2*E3 -> 0 | F58: =1*F3 -> 0 | G58: =2*G3 -> 0 | H58: =1*H3 -> 0 | I58: =2*I3 -> 0 | J58: =2*J3 -> 0 | O58: =SUM(E58:J58) -> 0 | P58: =D58*O58 -> 0
A59: Bolt Imbus M10*50 (Bb-Td-Iso7380-K8,8) *Zinc* | B59: Boulon imbus M10*50 | D59: 0.12409972 | E59: =2*E3 -> 0 | F59: =1*F3 -> 0 | G59: =2*G3 -> 0 | H59: =1*H3 -> 0 | I59: =2*I3 -> 0 | J59: =2*J3 -> 0 | O59: =SUM(E59:J59) -> 0 | P59: =D59*O59 -> 0
A60: Nut with Fiber M10 (Ak-Dın985-K6,8) *Zinc* | B60: Ecrou avec fibre M10 | D60: 0.031024931 | E60: =2*E3 -> 0 | F60: =1*F3 -> 0 | G60: =2*G3 -> 0 | H60: =1*H3 -> 0 | I60: =2*I3 -> 0 | J60: =2*J3 -> 0 | O60: =SUM(E60:J60) -> 0 | P60: =D60*O60 -> 0
A61: CARRIER BAR 15X30 D:35 L:700 | B61: barre de charge 700 | D61: 3.49 | O61: =SUM(E61:J61) -> 0 | P61: =D61*O61 -> 0
A62: ADVERTISING CANOPY ON THE UNIT H:100 L:500 | B62: Capot Pub 500 | C62: 4 PCS SCREWS WILL BE ADDED TO EACH PIECE TO FIX THE BACK PANEL 4 vis devront être ajoutée pour une fixation sur les fonds | D62: 4.85 | O62: =SUM(E62:J62) -> 0 | P62: =D62*O62 -> 0
A63: ADVERTISING CANOPY ON THE UNIT H:100 L:700 | B63: Capot pub 700 | C63: 4 PCS SCREWS WILL BE ADDED TO EACH PIECE TO FIX THE BACK PANEL 4 vis devront être ajoutée pour une fixation sur les fonds | D63: 6.8 | O63: =SUM(E63:J63) -> 0 | P63: =D63*O63 -> 0
A64: APPARATUS FOR THE UNIT FIXING TO THE FLOOR | B64: Fixations pour le sol | D64: 1.14 | E64: =2*E3 -> 0 | F64: =1*F3 -> 0 | G64: =2*G3 -> 0 | H64: =1*H3 -> 0 | I64: =2*I3 -> 0 | J64: =2*J3 -> 0 | O64: =SUM(E64:J64) -> 0 | P64: =D64*O64 -> 0
A65: METAL FRONT WIRE H:50 L:700 | B65: Butée frontale métal 700 x 50 | D65: 1.22 | O65: =SUM(E65:J65) -> 0 | P65: =D65*O65 -> 0
A66: STANDARD 700 INTERCONNECTION | B66: BARRE DE MAINTIEN 700 | D66: 2.15 | O66: =SUM(E66:J66) -> 0 | P66: =D66*O66 -> 0
A67: PROFILE SHEET SIDE CLOSING RIGHT H:2200 D:60 | B67: Cache montant droit 2200 | D67: 5.558 | E67: =1*E3 -> 0 | G67: =1*G3 -> 0 | I67: =1*I3 -> 0 | J67: =1*J3 -> 0 | O67: =SUM(E67:J67) -> 0 | P67: =D67*O67 -> 0
A68: PROFILE SHEET SIDE CLOSING LEFT H:2200 D:60 | B68: cache montant gauche 2200 | D68: 5.558 | E68: =1*E3 -> 0 | G68: =1*G3 -> 0 | I68: =1*I3 -> 0 | J68: =1*J3 -> 0 | O68: =SUM(E68:J68) -> 0 | P68: =D68*O68 -> 0
A69: PROFILE SHEET SIDE CLOSING RIGHT H:1800 D:60 | B69: Cache montant droit 1800 | D69: 5.558 | O69: =SUM(E69:J69) -> 0 | P69: =D69*O69 -> 0
A70: PROFILE SHEET SIDE CLOSING LEFT H:1800 D:60 | B70: cache montant gauche 1800 | D70: 5.558 | O70: =SUM(E70:J70) -> 0 | P70: =D70*O70 -> 0
A71: PROFILE SHEET SIDE CLOSING RIGHT H:1600 D:60 | B71: Cache montant droit 1600 | D71: 5.558 | O71: =SUM(E71:J71) -> 0 | P71: =D71*O71 -> 0
A72: PROFILE SHEET SIDE CLOSING LEFT H:1600 D:60 | B72: cache montant gauche 1600 | D72: 5.558 | O72: =SUM(E72:J72) -> 0 | P72: =D72*O72 -> 0
A73: PROFILE SHEET SIDE CLOSING RIGHT H:1400 D:60 | B73: Cache montant droit 1400 | D73: 3.388 | O73: =SUM(E73:J73) -> 0 | P73: =D73*O73 -> 0
A74: PROFILE SHEET SIDE CLOSING LEFT H:1400 D:60 | B74: Cache montant gauche 1400 | D74: 3.388 | O74: =SUM(E74:J74) -> 0 | P74: =D74*O74 -> 0
A75: SHEET GONDOLA CAP ON UNIT L:700 D:60 | B75: capot 700 | D75: 2.128 | O75: =SUM(E75:J75) -> 0 | P75: =D75*O75 -> 0
A76: SHEET SLIDING GONDOLA CAP ON UNIT L:700 D:60 | B76: capot extensible | D76: 2.702 | O76: =SUM(E76:J76) -> 0 | P76: =D76*O76 -> 0
A77: SHEET GONDOLA CAP FOR FOOT RIGHT D:200 | B77: cache pied droit 200 | D77: 0.686 | G77: =1*G3 -> 0 | I77: =1*I3 -> 0 | O77: =SUM(E77:J77) -> 0 | P77: =D77*O77 -> 0
A78: SHEET GONDOLA CAP FOR FOOT LEFT D:200 | B78: cache pied gauche 200 | D78: 0.686 | G78: =1*G3 -> 0 | I78: =1*I3 -> 0 | O78: =SUM(E78:J78) -> 0 | P78: =D78*O78 -> 0
A79: SHEET GONDOLA CAP FOR FOOT RIGHT D:300 | B79: cache pied droit 300 | D79: 0.98 | E79: =1*E3 -> 0 | J79: =1*J3 -> 0 | O79: =SUM(E79:J79) -> 0 | P79: =D79*O79 -> 0
A80: SHEET GONDOLA CAP FOR FOOT LEFT D:300 | B80: Cache pied gauche 300 | D80: 0.98 | E80: =1*E3 -> 0 | J80: =1*J3 -> 0 | O80: =SUM(E80:J80) -> 0 | P80: =D80*O80 -> 0
A81: SHEET GONDOLA CAP FOR FOOT RIGHT D:400 | B81: cache pied droit 400 | D81: 0.98 | E81: =1*E5 -> 0 | J81: =1*J5 -> 0 | O81: =SUM(E81:J81) -> 0 | P81: =D81*O81 -> 0
A82: SHEET GONDOLA CAP FOR FOOT LEFT D:400 | B82: Cache pied gauche 400 | D82: 0.98 | E82: =1*E5 -> 0 | J82: 0 | O82: =SUM(E82:J82) -> 0 | P82: =D82*O82 -> 0
A83: MIDDLE COUNTER DESK-PERFORATED BACK PANEL AND ACCESSORIES LxWxH: 53x5x90 | B83: PANNEAU INTERCOMPTOIR PERFORÉ | D83: 19.138 | O83: =SUM(E83:J83) -> 0 | P83: =D83*O83 -> 0
A84: MIDDLE COUNTER DESK 30MM LACQUER WHITE MDF, BODY-DRAWERS 18MM LACQUER WHITE MDF, FRONT FACE 30MM SONOMA, TELESCOPIC RAIL DRAWERS, GxDxY: 53x60x107 (DOUBLE SIDED CABLE HOLE OPENING, THERMICOUS CABLE | B84: INTERCOMPTOIR | C84: SCREW AND SCREW CLOSER TAPE WILL BE GIVEN TO BIND THE COUNTER DESKS. | D84: 160.23 | O84: =SUM(E84:J84) -> 0 | P84: =D84*O84 -> 0
A85: MIDDLE COUNTER DESK RIHGT MODULE 30MM LACQUER WHITE MDF, BODY-DRAWERS 18MM LACQUER WHITE MDF, FRONT FACE 30MM SONOMA, TELESCOPIC RAIL DRAWERS, GxDxY:60x68x100 (BENCH EDGE BAND SONOMA) | B85: COMPTOIR DROIT | C85: SCREW AND SCREW CLOSER TAPE WILL BE GIVEN TO BIND THE COUNTER DESKS. | D85: 207.942 | O85: =SUM(E85:J85) -> 0 | P85: =D85*O85 -> 0
A86: MIDDLE COUNTER DESK LEFT MODULE 30MM LACQUER WHITE MDF, BODY-DRAWERS 18MM LACQUER WHITE MDF, FRONT FACE 30MM SONOMA, TELESCOPIC RAIL DRAWERS, GxDxY:60x68x100 (BENCH EDGE BAND SONOMA) | B86: COMPTOIR GAUCHE | C86: SCREW AND SCREW CLOSER TAPE WILL BE GIVEN TO BIND THE COUNTER DESKS. | D86: 207.942 | O86: =SUM(E86:J86) -> 0 | P86: =D86*O86 -> 0
A87: SINGLE WIRE HOOK FOR CARRIER BAR WITH LABELED (C.B. 15x30, Ø6- 300) L:200 | B87: BROCHE SIMPLE POUR BARRE DE CHARGE AVEC PORTE ÉTIQUETTE L 200 | D87: 0.75 | O87: =SUM(E87:J87) -> 0 | P87: =D87*O87 -> 0
A88: SINGLE WIRE HOOK FOR CARRIER BAR WITH LABELED (C.B. 15x30, Ø6- 300) L:300 | B88: BROCHE SIMPLE POUR BARRE DE CHARGE AVEC PORTE ÉTIQUETTE L 300 | D88: 0.75 | O88: =SUM(E88:J88) -> 0 | P88: =D88*O88 -> 0
A89: SINGLE WIRE HOOK FOR CARRIER BAR WITH LABELED (C.B. 15x30, Ø6- 300) L:400 | B89: BROCHE SIMPLE POUR BARRE DE CHARGE AVEC PORTE ÉTIQUETTE L 400 | D89: 0.75 | O89: =SUM(E89:J89) -> 0 | P89: =D89*O89 -> 0
A90: WIRE HOCK/PERFORATED PANET WITH TICKET RAIL L 200 | B90: BROCHE POUR PANNEAU PERFORÉ AVEC PORTE ÉTIQUETTE L 200 | D90: 0.75 | O90: =SUM(E90:J90) -> 0 | P90: =D90*O90 -> 0
O92: TOTAL | P92: =SUM(P4:P82) -> 0

Sheet LINÉAIRE Métal base + 7
A1: Désignation produit en anglais | B1: Désignation produit en francais | C1: remarques | D1: Prix d'achat unitaire HT | E1: LINEAIRE 2200 x 700 x 300 Métal base +7 | F1: SUITE LINEAIRE 2200 x 700 x 300 Métal base +7 | G1: LINEAIRE 2200 x 700 x 200 métal base +7 | H1: SUITE LINEAIRE 2200 x 700 x 200 métal base +7 | I1: LINEAIRE 2200 x 500 x 200 métal base +7 | J1: LINEAIRE 2200 x 500 x 300 métal base +7
D3: QUANTITÉ | E3: 0 | F3: 0 | G3: 0 | H3: 0 | I3: 0 | J3: 0 | O3: TOTAL | P3: PRIX
A4: BACK PANEL 400X500 | B4: Fond 400 x 500 | D4: 3.20712 | I4: =4*I3 -> 0 | J4: =4*J3 -> 0 | O4: =SUM(E4:J4) -> 0 | P4: =D4*O4 -> 0
A5: BACK PANEL 500X500 | B5: fond 500 x 500 | D5: 4.10872 | I5: =1*I3 -> 0 | J5: =1*J3 -> 0 | O5: =SUM(E5:J5) -> 0 | P5: =D5*O5 -> 0
A6: BACK PANEL 400X700 | B6: Fond 400 x 700 | D6: 3.47 | E6: =4*E3 -> 0 | F6: =4*F3 -> 0 | G6: =4*G3 -> 0 | H6: =4*H3 -> 0 | O6: =SUM(E6:J6) -> 0 | P6: =D6*O6 -> 0
A7: BACK PANEL 500X700 | B7: fond 500 x 700 | D7: 4.27 | E7: =1*E3 -> 0 | F7: =1*F3 -> 0 | G7: =1*G3 -> 0 | H7: =1*H3 -> 0 | O7: =SUM(E7:J7) -> 0 | P7: =D7*O7 -> 0
A8: SLIDING BACK PANEL 400X700 | B8: fond extensible 400 | D8: 6.23 | O8: =SUM(E8:J8) -> 0 | P8: =D8*O8 -> 0
A9: SLIDING BACK PANEL 500X700 | B9: Fond extensible 500 | D9: 7.658 | O9: =SUM(E9:J9) -> 0 | P9: =D9*O9 -> 0
A10: SHELF MONOBLOCK (WITHOUT C LABELS) 200X500 | B10: Tablette 200 x 500 | C10: SEPERATOR WITHOUT HOLES - FLAT separateur sans trou | D10: 2.4472 | I10: =8*I3 -> 0 | O10: =SUM(E10:J10) -> 0 | P10: =D10*O10 -> 0
A11: SHELF MONOBLOCK (WITHOUT C LABELS) 200X700 | B11: Tablette 200 x 700 | C11: SEPERATOR WITHOUT HOLES - FLAT separateur sans trou | D11: 3.38744 | G11: =8*G3 -> 0 | H11: =8*H3 -> 0 | O11: =SUM(E11:J11) -> 0 | P11: =D11*O11 -> 0
A12: SHELF MONOBLOCK (WITHOUT C LABELS) 200X700 | B12: Tablette 200 x 700 pour bacs soldeurs | C12: GLASS SEPERATOR PERFORATED perforation pour separateur verre | D12: 3.38744 | O12: =SUM(E12:J12) -> 0 | P12: =D12*O12 -> 0
A13: SHELF MONOBLOCK (WITHOUT C LABELS) 300X700 | B13: Tabette 300 x 700 pour bacs soldeurs | C13: GLASS SEPERATOR PERFORATED perforation pour separateur verre | D13: 4.0572 | O13: =SUM(E13:J13) -> 0 | P13: =D13*O13 -> 0
A14: SHELF MONOBLOCK (WITHOUT C LABELS) 400 X 700 | B14: Tabette 400 x 700 pour bacs soldeurs | C14: GLASS SEPERATOR PERFORATED perforation pour separateur verre | D14: 4.0572 | O14: =SUM(E14:J14) -> 0 | P14: =D14*O14 -> 0
A15: SHELF MONOBLOCK (WITHOUT C LABELS) 200 X 500 | B15: Tabette 200 x 500 pour bacs soldeurs | C15: GLASS SEPERATOR PERFORATED perforation pour separateur verre | D15: 4.0572 | O15: =SUM(E15:J15) -> 0 | P15: =D15*O15 -> 0
A16: SHELF MONOBLOCK (WITHOUT C LABELS) 300 X 500 | B16: Tabette 300 x 500 pour bacs soldeurs | C16: GLASS SEPERATOR PERFORATED perforation pour separateur verre | D16: 4.0572 | O16: =SUM(E16:J16) -> 0 | P16: =D16*O16 -> 0
A17: SHELF MONOBLOCK (WITHOUT C LABELS) 400 X 500 | B17: Tabette 400 x 500 pour bacs soldeurs | C17: GLASS SEPERATOR PERFORATED perforation pour separateur verre | D17: 4.0572 | O17: =SUM(E17:J17) -> 0 | P17: =D17*O17 -> 0
A18: SHELF MONOBLOCK (WITHOUT C LABELS) 300X500 | B18: Tabette 300 x 500 sans trou | C18: SEPERATOR WITHOUT HOLES - FLAT separateur sans trou | D18: 4.0572 | J18: =8*J3 -> 0 | O18: =SUM(E18:J18) -> 0 | P18: =D18*O18 -> 0
A19: SHELF MONOBLOCK (WITHOUT C LABELS) 400X500 | B19: Tabette 400 x 500 sans trou | C19: SEPERATOR WITHOUT HOLES - FLAT separateur sans trou | D19: 4.0572
A20: SHELF MONOBLOCK (WITHOUT C LABELS) 300X700 | B20: Tabette 300 x 700 sans trou | C20: SEPERATOR WITHOUT HOLES - FLAT separateur sans trou | D20: 4.0572 | E20: =8*E3 -> 0 | F20: =8*F3 -> 0 | O20: =SUM(E20:J20) -> 0 | P20: =D20*O20 -> 0
A21: SHELF MONOBLOCK (WITHOUT C LABELS) 400X700 | B21: Tablette 400 x 700 sans trou | C21: SEPERATOR WITHOUT HOLES - FLAT separateur sans trou | D21: 5.3 | O21: =SUM(E21:J21) -> 0 | P21: =D21*O21 -> 0
A22: PERFORATED SHELF MONOBLOCK (WITHOUT C LABELS) 300X700 | B22: Tablette 300 x 700 perforée | C22: STANDART PERFORATED SHELF Tablette standard perforée | D22: 5.30656 | O22: =SUM(E22:J22) -> 0 | P22: =D22*O22 -> 0
A23: PERFORATED SHELF MONOBLOCK (WITHOUT C LABELS) 400X700 | B23: TABLETTE PERFORÉE (SANS PORTE ETIQUETTE) 400 X 700 | C23: STANDART PERFORATED SHELF Tablette standard perforée | D23: 5.30656 | O23: =SUM(E23:J23) -> 0 | P23: =D23*O23 -> 0
A24: GLASS SEPERATOR APPARATUS-CORNER | B24: SEPARATEUR VERRE D'ANGLE | D24: 0.24 | O24: =SUM(E24:J24) -> 0 | P24: =D24*O24 -> 0
A25: GLASS SEPERATOR APPARATUS-FLAT | B25: SEPARATEUR VERRE PLAT | D25: 0.17 | O25: =SUM(E25:J25) -> 0 | P25: =D25*O25 -> 0
A26: SIDE GLASS SEPERATOR 200X180 , 6MM TEMPERED GLASS | B26: VERRE LATÉRAL VERRE TREMPÉ 6MM 200 X 180 | D26: 7.2 | O26: =SUM(E26:J26) -> 0 | P26: =D26*O26 -> 0
A27: SIDE GLASS SEPERATOR 300X180 , 6MM TEMPERED GLASS | B27: VERRE LATÉRAL VERRE TREMPÉ 6MM 300 X 180 | D27: 7.2 | O27: =SUM(E27:J27) -> 0 | P27: =D27*O27 -> 0
A28: SIDE GLASS SEPERATOR 400X180 , 6MM TEMPERED GLASS | B28: VERRE LATÉRAL VERRE TREMPÉ 6MM 400 X 180 | D28: 7.2 | O28: =SUM(E28:J28) -> 0 | P28: =D28*O28 -> 0
A29: FRONT WINDOW SEPERATOR L:700 H:100, 6MM TEMPERED GLASS | B29: VERRE FRONTAL VERRE TREMPÉ 6 MM 700 X 100 | D29: 7.2 | O29: =SUM(E29:J29) -> 0 | P29: =D29*O29 -> 0
A30: FRONT WINDOW SEPERATOR L:500 H:100, 6MM TEMPERED GLASS | B30: VERRE FRONTAL VERRE TREMPÉ 6 MM 500 X 100 | D30: 7.2 | O30: =SUM(E30:J30) -> 0 | P30: =D30*O30 -> 0
A31: FRONT WINDOW SEPERATOR L:500 H:100, 6MM TEMPERED GLASS | B31: VERRE FRONTAL VERRE TREMPÉ 6 MM 500 X 100 | D31: 7.2 | O31: =SUM(E31:J31) -> 0 | P31: =D31*O31 -> 0
A32: GLASS SHELF (6mm TEMPERED) 200X500 | B32: Tablette verre 200 x 500 | C32: FOR THE MIDDLE COUNTER DESK pour inter comptoir | D32: 8.792 | O32: =SUM(E32:J32) -> 0 | P32: =D32*O32 -> 0
A33: GLASS SHELF (6mm TEMPERED) 200X500 | B33: Tablettes verres 200 X 500 | C33: FOR THE WALL UNIT Pour les linéaires muraux | D33: 8.792 | O33: =SUM(E33:J33) -> 0 | P33: =D33*O33 -> 0
A34: GLASS SHELF (6mm TEMPERED) 200X700 | B34: Tablettes verres 200 X 700 | C34: FOR THE WALL UNIT Pour les linéaires muraux | D34: 9.618 | O34: =SUM(E34:J34) -> 0 | P34: =D34*O34 -> 0
A35: GLASS SHELF (6mm TEMPERED) 300X500 | B35: Tablettes verres 300 X 500 | C35: FOR THE WALL UNIT Pour les linéaires muraux | D35: 9.618 | O35: =SUM(E35:J35) -> 0 | P35: =D35*O35 -> 0
A36: GLASS SHELF (6mm TEMPERED) 300X700 | B36: Tablettes verres 300 X 700 | C36: FOR THE WALL UNIT Pour les linéaires muraux | D36: 9.618 | O36: =SUM(E36:J36) -> 0 | P36: =D36*O36 -> 0
A37: SLIDING SHELF (WITHOUT HOLES) 200X700 | B37: Tablettes extensibles sans trou 200 X 700 | C37: RAL 7201 | D37: 6.622 | O37: =SUM(E37:J37) -> 0 | P37: =D37*O37 -> 0
A38: SLIDING SHELF (WITHOUT HOLES) 300X700 | B38: Tablettes extensibles sans trou 300 X 700 | C38: RAL 7201 | D38: 6.622 | O38: =SUM(E38:J38) -> 0 | P38: =D38*O38 -> 0
A39: SLIDING SHELF (WITHOUT HOLES) 400X700 | B39: Tablettes extensibles sans trou 400 X 700 | C39: RAL 9003 | D39: 8.652 | O39: =SUM(E39:J39) -> 0 | P39: =D39*O39 -> 0
A40: GLASS SHELF CONSOLE 200X700 | B40: Console tablettes verre 200 X 700 | C40: RAL 7201 | D40: 7.22 | O40: =SUM(E40:J40) -> 0 | P40: =D40*O40 -> 0
A41: GLASS SHELF CONSOLE (ONE PIECE) 200X500 | B41: Console tablettes verre 200 X 500 | C41: RAL 7201 | D41: 5.16 | O41: =SUM(E41:J41) -> 0 | P41: =D41*O41 -> 0
A42: GLASS SHELF CONSOLE 300X500 | B42: Console verre 300 x 500 | C42: RAL 7201 | D42: 7.22 | O42: =SUM(E42:J42) -> 0 | P42: =D42*O42 -> 0
A43: GLASS SHELF CONSOLE 300X700 | B43: Console verre 300 x 700 | C43: RAL 7201 | D43: 7.22 | O43: =SUM(E43:J43) -> 0 | P43: =D43*O43 -> 0
A44: METAL STANDART BRACKET FLAT 200 LÜK | B44: Console 200 | C44: RAL 7021 | D44: 0.66128526 | G44: =14*G3 -> 0 | H44: =14*H3 -> 0 | I44: =14*I3 -> 0 | O44: =SUM(E44:J44) -> 0 | P44: =D44*O44 -> 0
A45: METAL STANDART BRACKET FLAT 300 LÜK | B45: Console 300 | D45: 0.73 | E45: =14*E3 -> 0 | F45: =14*F3 -> 0 | J45: =14*J3 -> 0 | O45: =SUM(E45:J45) -> 0 | P45: =D45*O45 -> 0
A46: METAL STANDART BRACKET FLAT 400 LÜK | B46: Console 400 | D46: 0.73 | O46: =SUM(E46:J46) -> 0 | P46: =D46*O46 -> 0
A47: SLIDING METAL PLINTH PLAIN 700 | B47: Plinthe extensible | D47: 1.862 | O47: =SUM(E47:J47) -> 0 | P47: =D47*O47 -> 0
A48: METAL PLINTH PLAIN 500 | B48: Plinthe 500 | D48: 0.966 | I48: =1*I3 -> 0 | J48: =1*J3 -> 0 | O48: =SUM(E48:J48) -> 0 | P48: =D48*O48 -> 0
A49: METAL PLINTH PLAIN 700 | B49: Plinthe 700 | D49: 0.83 | E49: =1*E3 -> 0 | F49: =1*F3 -> 0 | G49: =1*G3 -> 0 | H49: =1*H3 -> 0 | O49: =SUM(E49:J49) -> 0 | P49: =D49*O49 -> 0
A50: PROFILE 30x60 H:2200 | B50: Montant 2200 | D50: 10.4972 | E50: =2*E3 -> 0 | F50: =1*F3 -> 0 | G50: =2*G3 -> 0 | H50: =1*H3 -> 0 | I50: =2*I3 -> 0 | J50: =2*J3 -> 0 | O50: =SUM(E50:J50) -> 0 | P50: =D50*O50 -> 0
A51: PROFILE 30x60 H:1800 | B51: Montant 1800 | D51: 8.6296 | O51: =SUM(E51:J51) -> 0 | P51: =D51*O51 -> 0
A52: PROFILE 30x60 H:1600 | B52: Montant 1600 | D52: 6.78 | O52: =SUM(E52:J52) -> 0 | P52: =D52*O52 -> 0
A53: PROFILE 30x60 H:1400 | B53: Montant 1400 | D53: 6.78 | O53: =SUM(E53:J53) -> 0 | P53: =D53*O53 -> 0
A54: FOOT D:200 | B54: Pied 200 | D54: 2.66616 | G54: =2*G3 -> 0 | H54: =1*H3 -> 0 | I54: =2*I3 -> 0 | O54: =SUM(E54:J54) -> 0 | P54: =D54*O54 -> 0
A55: FOOT D:300 | B55: Pied 300 | D55: 3.43896 | E55: =2*E3 -> 0 | F55: =1*F3 -> 0 | J55: =2*J3 -> 0 | O55: =SUM(E55:J55) -> 0 | P55: =D55*O55 -> 0
A56: FOOT D:400 | B56: Pied 400 | D56: 3.43896 | O56: =SUM(E56:J56) -> 0 | P56: =D56*O56 -> 0
A57: Adjuster Clip 30*30 - 30*60 - 30*80 *Zinc* | B57: Clip de réglage | D57: 0.15512465 | E57: =2*E3 -> 0 | F57: =1*F3 -> 0 | G57: =2*G3 -> 0 | H57: =1*H3 -> 0 | I57: =2*I3 -> 0 | J57: =2*J3 -> 0 | O57: =SUM(E57:J57) -> 0 | P57: =D57*O57 -> 0
A58: Set Screw Ø30 M10*60 (Td-K8,8) *Zinc* | B58: vis de réglage M10*50 | D58: 0.27922438 | E58: =2*E3 -> 0 | F58: =1*F3 -> 0 | G58: =2*G3 -> 0 | H58: =1*H3 -> 0 | I58: =2*I3 -> 0 | J58: =2*J3 -> 0 | O58: =SUM(E58:J58) -> 0 | P58: =D58*O58 -> 0
A59: Bolt Imbus M10*50 (Bb-Td-Iso7380-K8,8) *Zinc* | B59: Boulon imbus M10*50 | D59: 0.12409972 | E59: =2*E3 -> 0 | F59: =1*F3 -> 0 | G59: =2*G3 -> 0 | H59: =1*H3 -> 0 | I59: =2*I3 -> 0 | J59: =2*J3 -> 0 | O59: =SUM(E59:J59) -> 0 | P59: =D59*O59 -> 0
A60: Nut with Fiber M10 (Ak-Dın985-K6,8) *Zinc* | B60: Ecrou avec fibre M10 | D60: 0.031024931 | E60: =2*E3 -> 0 | F60: =1*F3 -> 0 | G60: =2*G3 -> 0 | H60: =1*H3 -> 0 | I60: =2*I3 -> 0 | J60: =2*J3 -> 0 | O60: =SUM(E60:J60) -> 0 | P60: =D60*O60 -> 0
A61: CARRIER BAR 15X30 D:35 L:700 | B61: barre de charge 700 | D61: 3.49 | O61: =SUM(E61:J61) -> 0 | P61: =D61*O61 -> 0
A62: ADVERTISING CANOPY ON THE UNIT H:100 L:500 | B62: Capot Pub 500 | C62: 4 PCS SCREWS WILL BE ADDED TO EACH PIECE TO FIX THE BACK PANEL 4 vis devront être ajoutée pour une fixation sur les fonds | D62: 4.85 | O62: =SUM(E62:J62) -> 0 | P62: =D62*O62 -> 0
A63: ADVERTISING CANOPY ON THE UNIT H:100 L:700 | B63: Capot pub 700 | C63: 4 PCS SCREWS WILL BE ADDED TO EACH PIECE TO FIX THE BACK PANEL 4 vis devront être ajoutée pour une fixation sur les fonds | D63: 6.8 | O63: =SUM(E63:J63) -> 0 | P63: =D63*O63 -> 0
A64: APPARATUS FOR THE UNIT FIXING TO THE FLOOR | B64: Fixations pour le sol | D64: 1.14 | E64: =2*E3 -> 0 | F64: =1*F3 -> 0 | G64: =2*G3 -> 0 | H64: =1*H3 -> 0 | I64: =2*I3 -> 0 | J64: =2*J3 -> 0 | O64: =SUM(E64:J64) -> 0 | P64: =D64*O64 -> 0
A65: METAL FRONT WIRE H:50 L:700 | B65: Butée frontale métal 700 x 50 | D65: 1.22 | O65: =SUM(E65:J65) -> 0 | P65: =D65*O65 -> 0
A66: STANDARD 700 INTERCONNECTION | B66: BARRE DE MAINTIEN 700 | D66: 2.15 | O66: =SUM(E66:J66) -> 0 | P66: =D66*O66 -> 0
A67: PROFILE SHEET SIDE CLOSING RIGHT H:2200 D:60 | B67: Cache montant droit 2200 | D67: 5.558 | E67: =1*E3 -> 0 | G67: =1*G3 -> 0 | I67: =1*I3 -> 0 | J67: =1*J3 -> 0 | O67: =SUM(E67:J67) -> 0 | P67: =D67*O67 -> 0
A68: PROFILE SHEET SIDE CLOSING LEFT H:2200 D:60 | B68: cache montant gauche 2200 | D68: 5.558 | E68: =1*E3 -> 0 | G68: =1*G3 -> 0 | I68: =1*I3 -> 0 | J68: =1*J3 -> 0 | O68: =SUM(E68:J68) -> 0 | P68: =D68*O68 -> 0
A69: PROFILE SHEET SIDE CLOSING RIGHT H:1800 D:60 | B69: Cache montant droit 1800 | D69: 5.558 | O69: =SUM(E69:J69) -> 0 | P69: =D69*O69 -> 0
A70: PROFILE SHEET SIDE CLOSING LEFT H:1800 D:60 | B70: cache montant gauche 1800 | D70: 5.558 | O70: =SUM(E70:J70) -> 0 | P70: =D70*O70 -> 0
A71: PROFILE SHEET SIDE CLOSING RIGHT H:1600 D:60 | B71: Cache montant droit 1600 | D71: 5.558 | O71: =SUM(E71:J71) -> 0 | P71: =D71*O71 -> 0
A72: PROFILE SHEET SIDE CLOSING LEFT H:1600 D:60 | B72: cache montant gauche 1600 | D72: 5.558 | O72: =SUM(E72:J72) -> 0 | P72: =D72*O72 -> 0
A73: PROFILE SHEET SIDE CLOSING RIGHT H:1400 D:60 | B73: Cache montant droit 1400 | D73: 3.388 | O73: =SUM(E73:J73) -> 0 | P73: =D73*O73 -> 0
A74: PROFILE SHEET SIDE CLOSING LEFT H:1400 D:60 | B74: Cache montant gauche 1400 | D74: 3.388 | O74: =SUM(E74:J74) -> 0 | P74: =D74*O74 -> 0
A75: SHEET GONDOLA CAP ON UNIT L:700 D:60 | B75: capot 700 | D75: 2.128 | O75: =SUM(E75:J75) -> 0 | P75: =D75*O75 -> 0
A76: SHEET SLIDING GONDOLA CAP ON UNIT L:700 D:60 | B76: capot extensible | D76: 2.702 | O76: =SUM(E76:J76) -> 0 | P76: =D76*O76 -> 0
A77: SHEET GONDOLA CAP FOR FOOT RIGHT D:200 | B77: cache pied droit 200 | D77: 0.686 | G77: =1*G3 -> 0 | I77: =1*I3 -> 0 | O77: =SUM(E77:J77) -> 0 | P77: =D77*O77 -> 0
A78: SHEET GONDOLA CAP FOR FOOT LEFT D:200 | B78: cache pied gauche 200 | D78: 0.686 | G78: =1*G3 -> 0 | I78: =1*I3 -> 0 | O78: =SUM(E78:J78) -> 0 | P78: =D78*O78 -> 0
A79: SHEET GONDOLA CAP FOR FOOT RIGHT D:300 | B79: cache pied droit 300 | D79: 0.98 | E79: =1*E3 -> 0 | J79: =1*J3 -> 0 | O79: =SUM(E79:J79) -> 0 | P79: =D79*O79 -> 0
A80: SHEET GONDOLA CAP FOR FOOT LEFT D:300 | B80: Cache pied gauche 300 | D80: 0.98 | E80: =1*E3 -> 0 | J80: =1*J3 -> 0 | O80: =SUM(E80:J80) -> 0 | P80: =D80*O80 -> 0
A81: SHEET GONDOLA CAP FOR FOOT RIGHT D:400 | B81: cache pied droit 400 | D81: 0.98 | O81: =SUM(E81:J81) -> 0 | P81: =D81*O81 -> 0
A82: SHEET GONDOLA CAP FOR FOOT LEFT D:400 | B82: cache pied gauche 400 | D82: 0.686 | O82: =SUM(E82:J82) -> 0 | P82: =D82*O82 -> 0
A83: MIDDLE COUNTER DESK-PERFORATED BACK PANEL AND ACCESSORIES LxWxH: 53x5x90 | B83: PANNEAU INTERCOMPTOIR PERFORÉ | D83: 19.138 | O83: =SUM(E83:J83) -> 0 | P83: =D83*O83 -> 0
A84: MIDDLE COUNTER DESK 30MM LACQUER WHITE MDF, BODY-DRAWERS 18MM LACQUER WHITE MDF, FRONT FACE 30MM SONOMA, TELESCOPIC RAIL DRAWERS, GxDxY: 53x60x107 (DOUBLE SIDED CABLE HOLE OPENING, THERMICOUS CABLE | B84: INTERCOMPTOIR | C84: SCREW AND SCREW CLOSER TAPE WILL BE GIVEN TO BIND THE COUNTER DESKS. | D84: 160.23 | O84: =SUM(E84:J84) -> 0 | P84: =D84*O84 -> 0
A85: MIDDLE COUNTER DESK RIHGT MODULE 30MM LACQUER WHITE MDF, BODY-DRAWERS 18MM LACQUER WHITE MDF, FRONT FACE 30MM SONOMA, TELESCOPIC RAIL DRAWERS, GxDxY:60x68x100 (BENCH EDGE BAND SONOMA) | B85: COMPTOIR DROIT | C85: SCREW AND SCREW CLOSER TAPE WILL BE GIVEN TO BIND THE COUNTER DESKS. | D85: 207.942 | O85: =SUM(E85:J85) -> 0 | P85: =D85*O85 -> 0
A86: MIDDLE COUNTER DESK LEFT MODULE 30MM LACQUER WHITE MDF, BODY-DRAWERS 18MM LACQUER WHITE MDF, FRONT FACE 30MM SONOMA, TELESCOPIC RAIL DRAWERS, GxDxY:60x68x100 (BENCH EDGE BAND SONOMA) | B86: COMPTOIR GAUCHE | C86: SCREW AND SCREW CLOSER TAPE WILL BE GIVEN TO BIND THE COUNTER DESKS. | D86: 207.942 | O86: =SUM(E86:J86) -> 0 | P86: =D86*O86 -> 0
A87: SINGLE WIRE HOOK FOR CARRIER BAR WITH LABELED (C.B. 15x30, Ø6- 300) L:200 | B87: BROCHE SIMPLE POUR BARRE DE CHARGE AVEC PORTE ÉTIQUETTE L 200 | D87: 0.75 | O87: =SUM(E87:J87) -> 0 | P87: =D87*O87 -> 0
A88: SINGLE WIRE HOOK FOR CARRIER BAR WITH LABELED (C.B. 15x30, Ø6- 300) L:300 | B88: BROCHE SIMPLE POUR BARRE DE CHARGE AVEC PORTE ÉTIQUETTE L 300 | D88: 0.75 | O88: =SUM(E88:J88) -> 0 | P88: =D88*O88 -> 0
A89: SINGLE WIRE HOOK FOR CARRIER BAR WITH LABELED (C.B. 15x30, Ø6- 300) L:400 | B89: BROCHE SIMPLE POUR BARRE DE CHARGE AVEC PORTE ÉTIQUETTE L 400 | D89: 0.75 | O89: =SUM(E89:J89) -> 0 | P89: =D89*O89 -> 0
A90: WIRE HOCK/PERFORATED PANET WITH TICKET RAIL L 200 | B90: BROCHE POUR PANNEAU PERFORÉ AVEC PORTE ÉTIQUETTE L 200 | D90: 0.75 | O90: =SUM(E90:J90) -> 0 | P90: =D90*O90 -> 0
O92: TOTAL | P92: =SUM(P4:P82) -> 0

Sheet LINÉAIRE MÉTAL Base + 8
A1: Désignation produit en anglais | B1: Désignation produit en francais | C1: remarques | D1: Prix d'achat unitaire HT | E1: LINEAIRE 2200 x 700 x 300 Métal base +8 | F1: SUITE LINEAIRE 2200 x 700 x 300 Métal base +8 | G1: LINEAIRE 2200 x 700 x 200 métal base +8 | H1: SUITE LINEAIRE 2200 x 700 x 200 métal base +8 | I1: LINEAIRE 2200 x 500 x 200 métal base +8 | J1: LINEAIRE 2200 x 500 x 300 métal base +8
D3: QUANTITÉ | E3: 0 | F3: 0 | G3: 0 | H3: 0 | I3: 0 | J3: 0 | O3: TOTAL | P3: PRIX
A4: BACK PANEL 400X500 | B4: Fond 400 x 500 | D4: 3.20712 | I4: =4*I3 -> 0 | J4: =4*J3 -> 0 | O4: =SUM(E4:J4) -> 0 | P4: =D4*O4 -> 0
A5: BACK PANEL 500X500 | B5: fond 500 x 500 | D5: 4.10872 | I5: =1*I3 -> 0 | J5: =1*J3 -> 0 | O5: =SUM(E5:J5) -> 0 | P5: =D5*O5 -> 0
A6: BACK PANEL 400X700 | B6: Fond 400 x 700 | D6: 3.47 | E6: =4*E3 -> 0 | F6: =4*F3 -> 0 | G6: =4*G3 -> 0 | H6: =4*H3 -> 0 | O6: =SUM(E6:J6) -> 0 | P6: =D6*O6 -> 0
A7: BACK PANEL 500X700 | B7: fond 500 x 700 | D7: 4.27 | E7: =1*E3 -> 0 | F7: =1*F3 -> 0 | G7: =1*G3 -> 0 | H7: =1*H3 -> 0 | O7: =SUM(E7:J7) -> 0 | P7: =D7*O7 -> 0
A8: SLIDING BACK PANEL 400X700 | B8: fond extensible 400 | D8: 6.23 | O8: =SUM(E8:J8) -> 0 | P8: =D8*O8 -> 0
A9: SLIDING BACK PANEL 500X700 | B9: Fond extensible 500 | D9: 7.658 | O9: =SUM(E9:J9) -> 0 | P9: =D9*O9 -> 0
A10: SHELF MONOBLOCK (WITHOUT C LABELS) 200X500 | B10: Tablette 200 x 500 | C10: SEPERATOR WITHOUT HOLES - FLAT separateur sans trou | D10: 2.4472 | I10: =9*I3 -> 0 | O10: =SUM(E10:J10) -> 0 | P10: =D10*O10 -> 0
A11: SHELF MONOBLOCK (WITHOUT C LABELS) 200X700 | B11: Tablette 200 x 700 | C11: SEPERATOR WITHOUT HOLES - FLAT separateur sans trou | D11: 3.38744 | G11: =9*G3 -> 0 | H11: =9*H3 -> 0 | O11: =SUM(E11:J11) -> 0 | P11: =D11*O11 -> 0
A12: SHELF MONOBLOCK (WITHOUT C LABELS) 200X700 | B12: Tablette 200 x 700 pour bacs soldeurs | C12: GLASS SEPERATOR PERFORATED perforation pour separateur verre | D12: 3.38744 | O12: =SUM(E12:J12) -> 0 | P12: =D12*O12 -> 0
A13: SHELF MONOBLOCK (WITHOUT C LABELS) 300X700 | B13: Tabette 300 x 700 pour bacs soldeurs | C13: GLASS SEPERATOR PERFORATED perforation pour separateur verre | D13: 4.0572 | O13: =SUM(E13:J13) -> 0 | P13: =D13*O13 -> 0
A14: SHELF MONOBLOCK (WITHOUT C LABELS) 400 X 700 | B14: Tabette 400 x 700 pour bacs soldeurs | C14: GLASS SEPERATOR PERFORATED perforation pour separateur verre | D14: 4.0572 | O14: =SUM(E14:J14) -> 0 | P14: =D14*O14 -> 0
A15: SHELF MONOBLOCK (WITHOUT C LABELS) 200 X 500 | B15: Tabette 200 x 500 pour bacs soldeurs | C15: GLASS SEPERATOR PERFORATED perforation pour separateur verre | D15: 4.0572 | O15: =SUM(E15:J15) -> 0 | P15: =D15*O15 -> 0
A16: SHELF MONOBLOCK (WITHOUT C LABELS) 300 X 500 | B16: Tabette 300 x 500 pour bacs soldeurs | C16: GLASS SEPERATOR PERFORATED perforation pour separateur verre | D16: 4.0572 | O16: =SUM(E16:J16) -> 0 | P16: =D16*O16 -> 0
A17: SHELF MONOBLOCK (WITHOUT C LABELS) 400 X 500 | B17: Tabette 400 x 500 pour bacs soldeurs | C17: GLASS SEPERATOR PERFORATED perforation pour separateur verre | D17: 4.0572 | O17: =SUM(E17:J17) -> 0 | P17: =D17*O17 -> 0
A18: SHELF MONOBLOCK (WITHOUT C LABELS) 300X500 | B18: Tabette 300 x 500 sans trou | C18: SEPERATOR WITHOUT HOLES - FLAT separateur sans trou | D18: 4.0572 | J18: =9*J3 -> 0 | O18: =SUM(E18:J18) -> 0 | P18: =D18*O18 -> 0
A19: SHELF MONOBLOCK (WITHOUT C LABELS) 400X500 | B19: Tabette 400 x 500 sans trou | C19: SEPERATOR WITHOUT HOLES - FLAT separateur sans trou | D19: 4.0572
A20: SHELF MONOBLOCK (WITHOUT C LABELS) 300X700 | B20: Tabette 300 x 700 sans trou | C20: SEPERATOR WITHOUT HOLES - FLAT separateur sans trou | D20: 4.0572 | E20: =9*E3 -> 0 | F20: =9*F3 -> 0 | O20: =SUM(E20:J20) -> 0 | P20: =D20*O20 -> 0
A21: PERFORATED SHELF MONOBLOCK (WITHOUT C LABELS) 400X700 | B21: Tablette 400 x 700 sans trou | C21: SEPERATOR WITHOUT HOLES - FLAT separateur sans trou | D21: 5.3 | O21: =SUM(E21:J21) -> 0 | P21: =D21*O21 -> 0
A22: PERFORATED SHELF MONOBLOCK (WITHOUT C LABELS) 300X700 | B22: Tablette 300 x 700 perforée | C22: STANDART PERFORATED SHELF Tablette standard perforée | D22: 5.30656 | O22: =SUM(E22:J22) -> 0 | P22: =D22*O22 -> 0
A23: PERFORATED SHELF MONOBLOCK (WITHOUT C LABELS) 400X700 | B23: TABLETTE PERFORÉE (SANS PORTE ETIQUETTE) 400 X 700 | C23: STANDART PERFORATED SHELF Tablette standard perforée | D23: 5.30656 | O23: =SUM(E23:J23) -> 0 | P23: =D23*O23 -> 0
A24: GLASS SEPERATOR APPARATUS-CORNER | B24: SEPARATEUR VERRE D'ANGLE | D24: 0.24 | O24: =SUM(E24:J24) -> 0 | P24: =D24*O24 -> 0
A25: GLASS SEPERATOR APPARATUS-FLAT | B25: SEPARATEUR VERRE PLAT | D25: 0.17 | O25: =SUM(E25:J25) -> 0 | P25: =D25*O25 -> 0
A26: SIDE GLASS SEPERATOR 200X180 , 6MM TEMPERED GLASS | B26: VERRE LATÉRAL VERRE TREMPÉ 6MM 200 X 180 | D26: 7.2 | O26: =SUM(E26:J26) -> 0 | P26: =D26*O26 -> 0
A27: SIDE GLASS SEPERATOR 300X180 , 6MM TEMPERED GLASS | B27: VERRE LATÉRAL VERRE TREMPÉ 6MM 300 X 180 | D27: 7.2 | O27: =SUM(E27:J27) -> 0 | P27: =D27*O27 -> 0
A28: SIDE GLASS SEPERATOR 400X180 , 6MM TEMPERED GLASS | B28: VERRE LATÉRAL VERRE TREMPÉ 6MM 400 X 180 | D28: 7.2 | O28: =SUM(E28:J28) -> 0 | P28: =D28*O28 -> 0
A29: FRONT WINDOW SEPERATOR L:700 H:100, 6MM TEMPERED GLASS | B29: VERRE FRONTAL VERRE TREMPÉ 6 MM 700 X 100 | D29: 7.2 | O29: =SUM(E29:J29) -> 0 | P29: =D29*O29 -> 0
A30: FRONT WINDOW SEPERATOR L:500 H:100, 6MM TEMPERED GLASS | B30: VERRE FRONTAL VERRE TREMPÉ 6 MM 500 X 100 | D30: 7.2 | O30: =SUM(E30:J30) -> 0 | P30: =D30*O30 -> 0
A31: FRONT WINDOW SEPERATOR L:500 H:100, 6MM TEMPERED GLASS | B31: VERRE FRONTAL VERRE TREMPÉ 6 MM 500 X 100 | D31: 7.2 | O31: =SUM(E31:J31) -> 0 | P31: =D31*O31 -> 0
A32: GLASS SHELF (6mm TEMPERED) 200X500 | B32: Tablette verre 200 x 500 | C32: FOR THE MIDDLE COUNTER DESK pour inter comptoir | D32: 8.792 | O32: =SUM(E32:J32) -> 0 | P32: =D32*O32 -> 0
A33: GLASS SHELF (6mm TEMPERED) 200X500 | B33: Tablettes verres 200 X 500 | C33: FOR THE WALL UNIT Pour les linéaires muraux | D33: 8.792 | O33: =SUM(E33:J33) -> 0 | P33: =D33*O33 -> 0
A34: GLASS SHELF (6mm TEMPERED) 200X700 | B34: Tablettes verres 200 X 700 | C34: FOR THE WALL UNIT Pour les linéaires muraux | D34: 9.618 | O34: =SUM(E34:J34) -> 0 | P34: =D34*O34 -> 0
A35: GLASS SHELF (6mm TEMPERED) 300X500 | B35: Tablettes verres 300 X 500 | C35: FOR THE WALL UNIT Pour les linéaires muraux | D35: 9.618 | O35: =SUM(E35:J35) -> 0 | P35: =D35*O35 -> 0
A36: GLASS SHELF (6mm TEMPERED) 300X700 | B36: Tablettes verres 300 X 700 | C36: FOR THE WALL UNIT Pour les linéaires muraux | D36: 9.618 | O36: =SUM(E36:J36) -> 0 | P36: =D36*O36 -> 0
A37: SLIDING SHELF (WITHOUT HOLES) 200X700 | B37: Tablettes extensibles sans trou 300 X 700 | C37: RAL 7201 | D37: 6.622 | O37: =SUM(E37:J37) -> 0 | P37: =D37*O37 -> 0
A38: SLIDING SHELF (WITHOUT HOLES) 300X700 | B38: Tablettes extensibles sans trou 300 X 700 | C38: RAL 7201 | D38: 6.622 | O38: =SUM(E38:J38) -> 0 | P38: =D38*O38 -> 0
A39: SLIDING SHELF (WITHOUT HOLES) 400X700 | B39: Tablettes extensibles sans trou 400 X 700 | C39: RAL 9003 | D39: 8.652 | O39: =SUM(E39:J39) -> 0 | P39: =D39*O39 -> 0
A40: GLASS SHELF CONSOLE 200X700 | B40: Console tablettes verre 200 X 700 | C40: RAL 7201 | D40: 7.22 | O40: =SUM(E40:J40) -> 0 | P40: =D40*O40 -> 0
A41: GLASS SHELF CONSOLE (ONE PIECE) 200X500 | B41: Console tablettes verre 200 X 500 | C41: RAL 7201 | D41: 5.16 | O41: =SUM(E41:J41) -> 0 | P41: =D41*O41 -> 0
A42: GLASS SHELF CONSOLE 300X500 | B42: Console verre 300 x 500 | C42: RAL 7201 | D42: 7.22 | O42: =SUM(E42:J42) -> 0 | P42: =D42*O42 -> 0
A43: GLASS SHELF CONSOLE 300X700 | B43: Console verre 300 x 700 | C43: RAL 7201 | D43: 7.22 | O43: =SUM(E43:J43) -> 0 | P43: =D43*O43 -> 0
A44: METAL STANDART BRACKET FLAT 200 LÜK | B44: Console 200 | C44: RAL 7021 | D44: 0.66128526 | G44: =16*G3 -> 0 | H44: =16*H3 -> 0 | I44: =16*I3 -> 0 | O44: =SUM(E44:J44) -> 0 | P44: =D44*O44 -> 0
A45: METAL STANDART BRACKET FLAT 300 LÜK | B45: Console 300 | D45: 0.73 | E45: =16*E3 -> 0 | F45: =16*F3 -> 0 | J45: =16*J3 -> 0 | O45: =SUM(E45:J45) -> 0 | P45: =D45*O45 -> 0
A46: METAL STANDART BRACKET FLAT 400 LÜK | B46: Console 400 | D46: 0.73 | O46: =SUM(E46:J46) -> 0 | P46: =D46*O46 -> 0
A47: SLIDING METAL PLINTH PLAIN 700 | B47: Plinthe extensible | D47: 1.862 | O47: =SUM(E47:J47) -> 0 | P47: =D47*O47 -> 0
A48: METAL PLINTH PLAIN 500 | B48: Plinthe 500 | D48: 0.966 | I48: =1*I3 -> 0 | J48: =1*J3 -> 0 | O48: =SUM(E48:J48) -> 0 | P48: =D48*O48 -> 0
A49: METAL PLINTH PLAIN 700 | B49: Plinthe 700 | D49: 0.83 | E49: =1*E3 -> 0 | F49: =1*F3 -> 0 | G49: =1*G3 -> 0 | H49: =1*H3 -> 0 | O49: =SUM(E49:J49) -> 0 | P49: =D49*O49 -> 0
A50: PROFILE 30x60 H:2200 | B50: Montant 2200 | D50: 10.4972 | E50: =2*E3 -> 0 | F50: =1*F3 -> 0 | G50: =2*G3 -> 0 | H50: =1*H3 -> 0 | I50: =2*I3 -> 0 | J50: =2*J3 -> 0 | O50: =SUM(E50:J50) -> 0 | P50: =D50*O50 -> 0
A51: PROFILE 30x60 H:1800 | B51: Montant 1800 | D51: 8.6296 | O51: =SUM(E51:J51) -> 0 | P51: =D51*O51 -> 0
A52: PROFILE 30x60 H:1600 | B52: Montant 1600 | D52: 6.78 | O52: =SUM(E52:J52) -> 0 | P52: =D52*O52 -> 0
A53: PROFILE 30x60 H:1400 | B53: Montant 1400 | D53: 6.78 | O53: =SUM(E53:J53) -> 0 | P53: =D53*O53 -> 0
A54: FOOT D:200 | B54: Pied 200 | D54: 2.66616 | G54: =2*G3 -> 0 | H54: =1*H3 -> 0 | I54: =2*I3 -> 0 | O54: =SUM(E54:J54) -> 0 | P54: =D54*O54 -> 0
A55: FOOT D:300 | B55: Pied 300 | D55: 3.43896 | E55: =2*E3 -> 0 | F55: =1*F3 -> 0 | J55: =2*J3 -> 0 | O55: =SUM(E55:J55) -> 0 | P55: =D55*O55 -> 0
A56: FOOT D:400 | B56: Pied 400 | D56: 3.43896 | O56: =SUM(E56:J56) -> 0 | P56: =D56*O56 -> 0
A57: Adjuster Clip 30*30 - 30*60 - 30*80 *Zinc* | B57: Clip de réglage | D57: 0.15512465 | E57: =2*E3 -> 0 | F57: =1*F3 -> 0 | G57: =1*G3 -> 0 | H57: =1*H3 -> 0 | I57: =2*I3 -> 0 | J57: =2*J3 -> 0 | O57: =SUM(E57:J57) -> 0 | P57: =D57*O57 -> 0
A58: Set Screw Ø30 M10*60 (Td-K8,8) *Zinc* | B58: vis de réglage M10*50 | D58: 0.27922438 | E58: =2*E3 -> 0 | F58: =1*F3 -> 0 | G58: =2*G3 -> 0 | H58: =1*H3 -> 0 | I58: =2*I3 -> 0 | J58: =2*J3 -> 0 | O58: =SUM(E58:J58) -> 0 | P58: =D58*O58 -> 0
A59: Bolt Imbus M10*50 (Bb-Td-Iso7380-K8,8) *Zinc* | B59: Boulon imbus M10*50 | D59: 0.12409972 | E59: =2*E3 -> 0 | F59: =1*F3 -> 0 | G59: =2*G3 -> 0 | H59: =1*H3 -> 0 | I59: =2*I3 -> 0 | J59: =2*J3 -> 0 | O59: =SUM(E59:J59) -> 0 | P59: =D59*O59 -> 0
A60: Nut with Fiber M10 (Ak-Dın985-K6,8) *Zinc* | B60: Ecrou avec fibre M10 | D60: 0.031024931 | E60: =2*E3 -> 0 | F60: =1*F3 -> 0 | G60: =2*G3 -> 0 | H60: =1*H3 -> 0 | I60: =2*I3 -> 0 | J60: =2*J3 -> 0 | O60: =SUM(E60:J60) -> 0 | P60: =D60*O60 -> 0
A61: CARRIER BAR 15X30 D:35 L:700 | B61: barre de charge 700 | D61: 3.49 | O61: =SUM(E61:J61) -> 0 | P61: =D61*O61 -> 0
A62: ADVERTISING CANOPY ON THE UNIT H:100 L:500 | B62: Capot Pub 500 | C62: 4 PCS SCREWS WILL BE ADDED TO EACH PIECE TO FIX THE BACK PANEL 4 vis devront être ajoutée pour une fixation sur les fonds | D62: 4.85 | O62: =SUM(E62:J62) -> 0 | P62: =D62*O62 -> 0
A63: ADVERTISING CANOPY ON THE UNIT H:100 L:700 | B63: Capot pub 700 | C63: 4 PCS SCREWS WILL BE ADDED TO EACH PIECE TO FIX THE BACK PANEL 4 vis devront être ajoutée pour une fixation sur les fonds | D63: 6.8 | O63: =SUM(E63:J63) -> 0 | P63: =D63*O63 -> 0
A64: APPARATUS FOR THE UNIT FIXING TO THE FLOOR | B64: Fixations pour le sol | D64: 1.14 | E64: =2*E3 -> 0 | F64: =1*F3 -> 0 | G64: =2*G3 -> 0 | H64: =1*H3 -> 0 | I64: =2*I3 -> 0 | J64: =2*J3 -> 0 | O64: =SUM(E64:J64) -> 0 | P64: =D64*O64 -> 0
A65: METAL FRONT WIRE H:50 L:700 | B65: Butée frontale métal 700 x 50 | D65: 1.22 | O65: =SUM(E65:J65) -> 0 | P65: =D65*O65 -> 0
A66: STANDARD 700 INTERCONNECTION | B66: BARRE DE MAINTIEN 700 | D66: 2.15 | O66: =SUM(E66:J66) -> 0 | P66: =D66*O66 -> 0
A67: PROFILE SHEET SIDE CLOSING RIGHT H:2200 D:60 | B67: Cache montant droit 2200 | D67: 5.558 | E67: =1*E3 -> 0 | G67: =1*G3 -> 0 | I67: =1*I3 -> 0 | J67: =1*J3 -> 0 | O67: =SUM(E67:J67) -> 0 | P67: =D67*O67 -> 0
A68: PROFILE SHEET SIDE CLOSING LEFT H:2200 D:60 | B68: cache montant gauche 2200 | D68: 5.558 | E68: =1*E3 -> 0 | G68: =1*G3 -> 0 | I68: =1*I3 -> 0 | J68: =1*J3 -> 0 | O68: =SUM(E68:J68) -> 0 | P68: =D68*O68 -> 0
A69: PROFILE SHEET SIDE CLOSING RIGHT H:1800 D:60 | B69: Cache montant droit 1800 | D69: 5.558 | O69: =SUM(E69:J69) -> 0 | P69: =D69*O69 -> 0
A70: PROFILE SHEET SIDE CLOSING LEFT H:1800 D:60 | B70: cache montant gauche 1800 | D70: 5.558 | O70: =SUM(E70:J70) -> 0 | P70: =D70*O70 -> 0
A71: PROFILE SHEET SIDE CLOSING RIGHT H:1600 D:60 | B71: Cache montant droit 1600 | D71: 5.558 | O71: =SUM(E71:J71) -> 0 | P71: =D71*O71 -> 0
A72: PROFILE SHEET SIDE CLOSING LEFT H:1600 D:60 | B72: cache montant gauche 1600 | D72: 5.558 | O72: =SUM(E72:J72) -> 0 | P72: =D72*O72 -> 0
A73: PROFILE SHEET SIDE CLOSING RIGHT H:1400 D:60 | B73: Cache montant droit 1400 | D73: 3.388 | O73: =SUM(E73:J73) -> 0 | P73: =D73*O73 -> 0
A74: PROFILE SHEET SIDE CLOSING LEFT H:1400 D:60 | B74: Cache montant gauche 1400 | D74: 3.388 | O74: =SUM(E74:J74) -> 0 | P74: =D74*O74 -> 0
A75: SHEET GONDOLA CAP ON UNIT L:700 D:60 | B75: capot 700 | D75: 2.128 | O75: =SUM(E75:J75) -> 0 | P75: =D75*O75 -> 0
A76: SHEET SLIDING GONDOLA CAP ON UNIT L:700 D:60 | B76: capot extensible | D76: 2.702 | O76: =SUM(E76:J76) -> 0 | P76: =D76*O76 -> 0
A77: SHEET GONDOLA CAP FOR FOOT RIGHT D:200 | B77: cache pied droit 200 | D77: 0.686 | G77: =1*G3 -> 0 | I77: =1*I3 -> 0 | O77: =SUM(E77:J77) -> 0 | P77: =D77*O77 -> 0
A78: SHEET GONDOLA CAP FOR FOOT LEFT D:200 | B78: cache pied gauche 200 | D78: 0.686 | G78: =1*G3 -> 0 | I78: =1*I3 -> 0 | O78: =SUM(E78:J78) -> 0 | P78: =D78*O78 -> 0
A79: SHEET GONDOLA CAP FOR FOOT RIGHT D:300 | B79: cache pied droit 300 | D79: 0.98 | E79: =1*E3 -> 0 | J79: =1*J3 -> 0 | O79: =SUM(E79:J79) -> 0 | P79: =D79*O79 -> 0
A80: SHEET GONDOLA CAP FOR FOOT LEFT D:300 | B80: Cache pied gauche 300 | D80: 0.98 | E80: =1*E3 -> 0 | J80: =1*J3 -> 0 | O80: =SUM(E80:J80) -> 0 | P80: =D80*O80 -> 0
A81: SHEET GONDOLA CAP FOR FOOT RIGHT D:400 | B81: cache pied droit 400 | D81: 0.98 | J81: =1*J5 -> 0 | O81: =SUM(E81:J81) -> 0 | P81: =D81*O81 -> 0
A82: SHEET GONDOLA CAP FOR FOOT LEFT D:400 | B82: Cache pied gauche 400 | D82: 0.98 | J82: =1*J5 -> 0 | O82: =SUM(E82:J82) -> 0 | P82: =D82*O82 -> 0
A83: MIDDLE COUNTER DESK-PERFORATED BACK PANEL AND ACCESSORIES LxWxH: 53x5x90 | B83: PANNEAU INTERCOMPTOIR PERFORÉ | D83: 19.138 | O83: =SUM(E83:J83) -> 0 | P83: =D83*O83 -> 0
A84: MIDDLE COUNTER DESK 30MM LACQUER WHITE MDF, BODY-DRAWERS 18MM LACQUER WHITE MDF, FRONT FACE 30MM SONOMA, TELESCOPIC RAIL DRAWERS, GxDxY: 53x60x107 (DOUBLE SIDED CABLE HOLE OPENING, THERMICOUS CABLE | B84: INTERCOMPTOIR | C84: SCREW AND SCREW CLOSER TAPE WILL BE GIVEN TO BIND THE COUNTER DESKS. | D84: 160.23 | O84: =SUM(E84:J84) -> 0 | P84: =D84*O84 -> 0
A85: MIDDLE COUNTER DESK RIHGT MODULE 30MM LACQUER WHITE MDF, BODY-DRAWERS 18MM LACQUER WHITE MDF, FRONT FACE 30MM SONOMA, TELESCOPIC RAIL DRAWERS, GxDxY:60x68x100 (BENCH EDGE BAND SONOMA) | B85: COMPTOIR DROIT | C85: SCREW AND SCREW CLOSER TAPE WILL BE GIVEN TO BIND THE COUNTER DESKS. | D85: 207.942 | O85: =SUM(E85:J85) -> 0 | P85: =D85*O85 -> 0
A86: MIDDLE COUNTER DESK LEFT MODULE 30MM LACQUER WHITE MDF, BODY-DRAWERS 18MM LACQUER WHITE MDF, FRONT FACE 30MM SONOMA, TELESCOPIC RAIL DRAWERS, GxDxY:60x68x100 (BENCH EDGE BAND SONOMA) | B86: COMPTOIR GAUCHE | C86: SCREW AND SCREW CLOSER TAPE WILL BE GIVEN TO BIND THE COUNTER DESKS. | D86: 207.942 | O86: =SUM(E86:J86) -> 0 | P86: =D86*O86 -> 0
A87: SINGLE WIRE HOOK FOR CARRIER BAR WITH LABELED (C.B. 15x30, Ø6- 300) L:200 | B87: BROCHE SIMPLE POUR BARRE DE CHARGE AVEC PORTE ÉTIQUETTE L 200 | D87: 0.75 | O87: =SUM(E87:J87) -> 0 | P87: =D87*O87 -> 0
A88: SINGLE WIRE HOOK FOR CARRIER BAR WITH LABELED (C.B. 15x30, Ø6- 300) L:300 | B88: BROCHE SIMPLE POUR BARRE DE CHARGE AVEC PORTE ÉTIQUETTE L 300 | D88: 0.75 | O88: =SUM(E88:J88) -> 0 | P88: =D88*O88 -> 0
A89: SINGLE WIRE HOOK FOR CARRIER BAR WITH LABELED (C.B. 15x30, Ø6- 300) L:400 | B89: BROCHE SIMPLE POUR BARRE DE CHARGE AVEC PORTE ÉTIQUETTE L 400 | D89: 0.75 | O89: =SUM(E89:J89) -> 0 | P89: =D89*O89 -> 0
A90: WIRE HOCK/PERFORATED PANET WITH TICKET RAIL L 200 | B90: BROCHE POUR PANNEAU PERFORÉ AVEC PORTE ÉTIQUETTE L 200 | D90: 0.75 | O90: =SUM(E90:J90) -> 0 | P90: =D90*O90 -> 0
O93: TOTAL | P93: =SUM(P4:P80) -> 0

Sheet LINÉAIRE MÉTAL Base + 9
A1: Désignation produit en anglais | B1: Désignation produit en francais | C1: remarques | D1: Prix d'achat unitaire HT | E1: LINEAIRE 2200 x 700 x 300 Métal base + 9 | F1: SUITE LINEAIRE 2200 x 700 x 300 Métal base + 9 | G1: LINEAIRE 2200 x 700 x 200 métal base + 9 | H1: SUITE LINEAIRE 2200 x 700 x 200 métal base + 9 | I1: LINEAIRE 2200 x 500 x 200 métal base + 9 | J1: LINEAIRE 2200 x 500 x 300 métal base + 9
D3: QUANTITÉ | E3: 0 | F3: 0 | G3: 0 | H3: 0 | I3: 0 | J3: 0 | O3: TOTAL | P3: PRIX
A4: BACK PANEL 400X500 | B4: Fond 400 x 500 | D4: 3.20712 | I4: =4*I3 -> 0 | J4: =4*J3 -> 0 | O4: =SUM(E4:J4) -> 0 | P4: =D4*O4 -> 0
A5: BACK PANEL 500X500 | B5: fond 500 x 500 | D5: 4.10872 | I5: =1*I3 -> 0 | J5: =1*J3 -> 0 | O5: =SUM(E5:J5) -> 0 | P5: =D5*O5 -> 0
A6: BACK PANEL 400X700 | B6: Fond 400 x 700 | D6: 3.47 | E6: =4*E3 -> 0 | F6: =4*F3 -> 0 | G6: =4*G3 -> 0 | H6: =4*H3 -> 0 | O6: =SUM(E6:J6) -> 0 | P6: =D6*O6 -> 0
A7: BACK PANEL 500X700 | B7: fond 500 x 700 | D7: 4.27 | E7: =1*E3 -> 0 | F7: =1*F3 -> 0 | G7: =1*G3 -> 0 | H7: =1*H3 -> 0 | O7: =SUM(E7:J7) -> 0 | P7: =D7*O7 -> 0
A8: SLIDING BACK PANEL 400X700 | B8: fond extensible 400 | D8: 6.23 | G8: 0 | O8: =SUM(E8:J8) -> 0 | P8: =D8*O8 -> 0
A9: SLIDING BACK PANEL 500X700 | B9: Fond extensible 500 | D9: 7.658 | O9: =SUM(E9:J9) -> 0 | P9: =D9*O9 -> 0
A10: SHELF MONOBLOCK 200X500 | B10: Tablette 200 x 500 | C10: SEPERATOR WITHOUT HOLES - FLAT separateur sans trou | D10: 2.4472 | I10: =10*I3 -> 0 | O10: =SUM(E10:J10) -> 0 | P10: =D10*O10 -> 0
A11: SHELF MONOBLOCK 200X700 | B11: Tablette 200 x 700 | C11: SEPERATOR WITHOUT HOLES - FLAT separateur sans trou | D11: 3.38744 | G11: =10*G3 -> 0 | H11: =10*H3 -> 0 | O11: =SUM(E11:J11) -> 0 | P11: =D11*O11 -> 0
A12: SHELF MONOBLOCK 200X700 | B12: Tablette 200 x 700 pour bacs soldeurs | C12: GLASS SEPERATOR PERFORATED perforation pour separateur verre | D12: 3.38744 | O12: =SUM(E12:J12) -> 0 | P12: =D12*O12 -> 0
A13: SHELF MONOBLOCK 300X700 | B13: Tabette 300 x 700 pour bacs soldeurs | C13: GLASS SEPERATOR PERFORATED perforation pour separateur verre | D13: 4.0572 | O13: =SUM(E13:J13) -> 0 | P13: =D13*O13 -> 0
A14: SHELF MONOBLOCK (WITHOUT C LABELS) 400 X 700 | B14: Tabette 400 x 700 pour bacs soldeurs | C14: GLASS SEPERATOR PERFORATED perforation pour separateur verre | D14: 4.0572 | O14: =SUM(E14:J14) -> 0 | P14: =D14*O14 -> 0
A15: SHELF MONOBLOCK (WITHOUT C LABELS) 200 X 500 | B15: Tabette 200 x 500 pour bacs soldeurs | C15: GLASS SEPERATOR PERFORATED perforation pour separateur verre | D15: 4.0572 | O15: =SUM(E15:J15) -> 0 | P15: =D15*O15 -> 0
A16: SHELF MONOBLOCK (WITHOUT C LABELS) 300 X 500 | B16: Tabette 300 x 500 pour bacs soldeurs | C16: GLASS SEPERATOR PERFORATED perforation pour separateur verre | D16: 4.0572 | O16: =SUM(E16:J16) -> 0 | P16: =D16*O16 -> 0
A17: SHELF MONOBLOCK (WITHOUT C LABELS) 400 X 500 | B17: Tabette 400 x 500 pour bacs soldeurs | C17: GLASS SEPERATOR PERFORATED perforation pour separateur verre | D17: 4.0572 | O17: =SUM(E17:J17) -> 0 | P17: =D17*O17 -> 0
A18: SHELF MONOBLOCK 300X500 | B18: Tabette 300 x 500 sans trou | C18: SEPERATOR WITHOUT HOLES - FLAT separateur sans trou | D18: 4.0572 | J18: =10*J3 -> 0 | O18: =SUM(E18:J18) -> 0 | P18: =D18*O18 -> 0
A19: SHELF MONOBLOCK (WITHOUT C LABELS) 400X500 | B19: Tabette 400 x 500 sans trou | C19: SEPERATOR WITHOUT HOLES - FLAT separateur sans trou | D19: 4.0572 | O19: =SUM(E19:J19) -> 0
A20: SHELF MONOBLOCK 300X700 | B20: Tabette 300 x 700 sans trou | C20: SEPERATOR WITHOUT HOLES - FLAT separateur sans trou | D20: 4.0572 | E20: =10*E3 -> 0 | F20: =10*F3 -> 0 | O20: =SUM(E20:J20) -> 0 | P20: =D20*O20 -> 0
A21: SHELF MONOBLOCK 400X700 | B21: Tablette 400 x 700 sans trou | C21: SEPERATOR WITHOUT HOLES - FLAT separateur sans trou | D21: 5.3 | O21: =SUM(E21:J21) -> 0 | P21: =D21*O21 -> 0
A22: PERFORATED SHELF MONOBLOCK (WITHOUT C LABELS) 300X700 | B22: Tablette 300 x 700 perforée | C22: STANDART PERFORATED SHELF Tablette standard perforée | D22: 5.30656 | O22: =SUM(E22:J22) -> 0 | P22: =D22*O22 -> 0
A23: PERFORATED SHELF MONOBLOCK (WITHOUT C LABELS) 400X700 | B23: TABLETTE PERFORÉE (SANS PORTE ETIQUETTE) 400 X 700 | C23: STANDART PERFORATED SHELF Tablette standard perforée | D23: 5.30656 | O23: =SUM(E23:J23) -> 0 | P23: =D23*O23 -> 0
A24: GLASS SEPERATOR APPARATUS-CORNER | B24: SEPARATEUR VERRE D'ANGLE | D24: 0.24 | O24: =SUM(E24:J24) -> 0 | P24: =D24*O24 -> 0
A25: GLASS SEPERATOR APPARATUS-FLAT | B25: SEPARATEUR VERRE PLAT | D25: 0.17 | O25: =SUM(E25:J25) -> 0 | P25: =D25*O25 -> 0
A26: SIDE GLASS SEPERATOR 200X180 , 6MM TEMPERED GLASS | B26: VERRE LATÉRAL VERRE TREMPÉ 6MM 200 X 180 | D26: 7.2 | O26: =SUM(E26:J26) -> 0 | P26: =D26*O26 -> 0
A27: SIDE GLASS SEPERATOR 300X180 , 6MM TEMPERED GLASS | B27: VERRE LATÉRAL VERRE TREMPÉ 6MM 300 X 180 | D27: 7.2 | O27: =SUM(E27:J27) -> 0 | P27: =D27*O27 -> 0
A28: SIDE GLASS SEPERATOR 400X180 , 6MM TEMPERED GLASS | B28: VERRE LATÉRAL VERRE TREMPÉ 6MM 400 X 180 | D28: 7.2 | O28: =SUM(E28:J28) -> 0 | P28: =D28*O28 -> 0
A29: FRONT WINDOW SEPERATOR L:700 H:100, 6MM TEMPERED GLASS | B29: VERRE FRONTAL VERRE TREMPÉ 6 MM 700 X 100 | D29: 7.2 | O29: =SUM(E29:J29) -> 0 | P29: =D29*O29 -> 0
A30: FRONT WINDOW SEPERATOR L:500 H:100, 6MM TEMPERED GLASS | B30: VERRE FRONTAL VERRE TREMPÉ 6 MM 500 X 100 | D30: 7.2 | O30: =SUM(E30:J30) -> 0 | P30: =D30*O30 -> 0
A31: FRONT WINDOW SEPERATOR L:500 H:100, 6MM TEMPERED GLASS | B31: VERRE FRONTAL VERRE TREMPÉ 6 MM 500 X 100 | D31: 7.2 | O31: =SUM(E31:J31) -> 0 | P31: =D31*O31 -> 0
A32: GLASS SHELF (6mm TEMPERED) 200X500 | B32: Tablette verre 200 x 500 | C32: FOR THE MIDDLE COUNTER DESK pour inter comptoir | D32: 8.792 | O32: =SUM(E32:J32) -> 0 | P32: =D32*O32 -> 0
A33: GLASS SHELF (6mm TEMPERED) 200X500 | B33: Tablettes verres 200 X 500 | C33: FOR THE WALL UNIT Pour les linéaires muraux | D33: 8.792 | O33: =SUM(E33:J33) -> 0 | P33: =D33*O33 -> 0
A34: GLASS SHELF (6mm TEMPERED) 200X700 | B34: Tablettes verres 200 X 700 | C34: FOR THE WALL UNIT Pour les linéaires muraux | D34: 9.618 | O34: =SUM(E34:J34) -> 0 | P34: =D34*O34 -> 0
A35: GLASS SHELF (6mm TEMPERED) 300X500 | B35: Tablettes verres 300 X 500 | C35: FOR THE WALL UNIT Pour les linéaires muraux | D35: 9.618 | O35: =SUM(E35:J35) -> 0 | P35: =D35*O35 -> 0
A36: GLASS SHELF (6mm TEMPERED) 300X700 | B36: Tablettes verres 300 X 700 | C36: FOR THE WALL UNIT Pour les linéaires muraux | D36: 9.618 | O36: =SUM(E36:J36) -> 0 | P36: =D36*O36 -> 0
A37: SLIDING SHELF (WITHOUT HOLES) 200X700 | B37: Tablettes extensibles sans trou 200 X 700 | C37: RAL 7201 | D37: 6.622 | O37: =SUM(E37:J37) -> 0 | P37: =D37*O37 -> 0
A38: SLIDING SHELF (WITHOUT HOLES) 300X700 | B38: Tablettes extensibles sans trou 300 X 700 | C38: RAL 7201 | D38: 6.622 | O38: =SUM(E38:J38) -> 0 | P38: =D38*O38 -> 0
A39: SLIDING SHELF (WITHOUT HOLES) 400X700 | B39: Tablettes extensibles sans trou 400 X 700 | C39: RAL 9003 | D39: 8.652 | O39: =SUM(E39:J39) -> 0 | P39: =D39*O39 -> 0
A40: GLASS SHELF CONSOLE 200X700 | B40: Console tablettes verre 200 X 700 | C40: RAL 7201 | D40: 7.22 | O40: =SUM(E40:J40) -> 0 | P40: =D40*O40 -> 0
A41: GLASS SHELF CONSOLE (ONE PIECE) 200X500 | B41: Console tablettes verre 200 X 500 | C41: RAL 7201 | D41: 5.16 | O41: =SUM(E41:J41) -> 0 | P41: =D41*O41 -> 0
A42: GLASS SHELF CONSOLE 300X500 | B42: Console verre 300 x 500 | C42: RAL 7201 | D42: 7.22 | O42: =SUM(E42:J42) -> 0 | P42: =D42*O42 -> 0
A43: GLASS SHELF CONSOLE 300X700 | B43: Console verre 300 x 700 | C43: RAL 7201 | D43: 7.22 | O43: =SUM(E43:J43) -> 0 | P43: =D43*O43 -> 0
A44: METAL STANDART BRACKET FLAT 200 LÜK | B44: Console 200 | C44: RAL 7021 | D44: 0.66128526 | G44: =18*G3 -> 0 | H44: =18*H3 -> 0 | I44: =18*I3 -> 0 | O44: =SUM(E44:J44) -> 0 | P44: =D44*O44 -> 0
A45: METAL STANDART BRACKET FLAT 300 LÜK | B45: Console 300 | D45: 0.73 | E45: =18*E3 -> 0 | F45: =18*F3 -> 0 | J45: =18*J3 -> 0 | O45: =SUM(E45:J45) -> 0 | P45: =D45*O45 -> 0
A46: METAL STANDART BRACKET FLAT 400 LÜK | B46: Console 400 | D46: 0.73 | O46: =SUM(E46:J46) -> 0 | P46: =D46*O46 -> 0
A47: SLIDING METAL PLINTH PLAIN 700 | B47: Plinthe extensible | D47: 1.862 | O47: =SUM(E47:J47) -> 0 | P47: =D47*O47 -> 0
A48: METAL PLINTH PLAIN 500 | B48: Plinthe 500 | D48: 0.966 | I48: =1*I3 -> 0 | J48: =1*J3 -> 0 | O48: =SUM(E48:J48) -> 0 | P48: =D48*O48 -> 0
A49: METAL PLINTH PLAIN 700 | B49: Plinthe 700 | D49: 0.83 | E49: =1*E3 -> 0 | F49: =1*F3 -> 0 | G49: =1*G3 -> 0 | H49: =1*H3 -> 0 | O49: =SUM(E49:J49) -> 0 | P49: =D49*O49 -> 0
A50: PROFILE 30x60 H:2200 | B50: Montant 2200 | D50: 10.4972 | E50: =2*E3 -> 0 | F50: =1*F3 -> 0 | G50: =2*G3 -> 0 | H50: =1*H3 -> 0 | I50: =2*I3 -> 0 | J50: =2*J3 -> 0 | O50: =SUM(E50:J50) -> 0 | P50: =D50*O50 -> 0
A51: PROFILE 30x60 H:1800 | B51: MONTANT 1800 | D51: 8.6296 | O51: =SUM(E51:J51) -> 0 | P51: =D51*O51 -> 0
A52: PROFILE 30x60 H:1600 | B52: MONTANT 1600 | D52: 6.78 | O52: =SUM(E52:J52) -> 0 | P52: =D52*O52 -> 0
A53: PROFILE 30x60 H:1400 | B53: Montant 1400 | D53: 6.78 | O53: =SUM(E53:J53) -> 0 | P53: =D53*O53 -> 0
A54: FOOT D:200 | B54: Pied 200 | D54: 2.66616 | G54: =2*G3 -> 0 | H54: =1*H3 -> 0 | I54: =2*I3 -> 0 | O54: =SUM(E54:J54) -> 0 | P54: =D54*O54 -> 0
A55: FOOT D:300 | B55: Pied 300 | D55: 3.43896 | E55: =2*E3 -> 0 | F55: =1*F3 -> 0 | J55: =2*J3 -> 0 | O55: =SUM(E55:J55) -> 0 | P55: =D55*O55 -> 0
A56: FOOT D:400 | B56: Pied 400 | D56: 3.43896 | O56: =SUM(E56:J56) -> 0 | P56: =D56*O56 -> 0
A57: Adjuster Clip 30*30 - 30*60 - 30*80 *Zinc* | B57: Clip de réglage | D57: 0.15512465 | E57: =2*E3 -> 0 | F57: =1*F3 -> 0 | G57: =2*G3 -> 0 | H57: =1*H3 -> 0 | I57: =2*I3 -> 0 | J57: =2*J3 -> 0 | O57: =SUM(E57:J57) -> 0 | P57: =D57*O57 -> 0
A58: Set Screw Ø30 M10*60 (Td-K8,8) *Zinc* | B58: vis de réglage M10*50 | D58: 0.27922438 | E58: =2*E3 -> 0 | F58: =1*F3 -> 0 | G58: =2*G3 -> 0 | H58: =1*H3 -> 0 | I58: =2*I3 -> 0 | J58: =2*J3 -> 0 | O58: =SUM(E58:J58) -> 0 | P58: =D58*O58 -> 0
A59: Bolt Imbus M10*50 (Bb-Td-Iso7380-K8,8) *Zinc* | B59: Boulon imbus M10*50 | D59: 0.12409972 | E59: =2*E3 -> 0 | F59: =1*F3 -> 0 | G59: =2*G3 -> 0 | H59: =1*H3 -> 0 | I59: =2*I3 -> 0 | J59: =2*J3 -> 0 | O59: =SUM(E59:J59) -> 0 | P59: =D59*O59 -> 0
A60: Nut with Fiber M10 (Ak-Dın985-K6,8) *Zinc* | B60: Ecrou avec fibre M10 | D60: 0.031024931 | E60: =2*E3 -> 0 | F60: =1*F3 -> 0 | G60: =2*G3 -> 0 | H60: =1*H3 -> 0 | I60: =2*I3 -> 0 | J60: =2*J3 -> 0 | O60: =SUM(E60:J60) -> 0 | P60: =D60*O60 -> 0
A61: CARRIER BAR 15X30 D:35 L:700 | B61: barre de charge 700 | D61: 3.49 | O61: =SUM(E61:J61) -> 0 | P61: =D61*O61 -> 0
A62: ADVERTISING CANOPY ON THE UNIT H:100 L:500 | B62: Capot Pub 500 | C62: 4 PCS SCREWS WILL BE ADDED TO EACH PIECE TO FIX THE BACK PANEL 4 vis devront être ajoutée pour une fixation sur les fonds | D62: 4.85 | O62: =SUM(E62:J62) -> 0 | P62: =D62*O62 -> 0
A63: ADVERTISING CANOPY ON THE UNIT H:100 L:700 | B63: Capot pub 700 | C63: 4 PCS SCREWS WILL BE ADDED TO EACH PIECE TO FIX THE BACK PANEL 4 vis devront être ajoutée pour une fixation sur les fonds | D63: 6.8 | O63: =SUM(E63:J63) -> 0 | P63: =D63*O63 -> 0
A64: APPARATUS FOR THE UNIT FIXING TO THE FLOOR | B64: Fixations pour le sol | D64: 1.14 | E64: =2*E3 -> 0 | F64: =1*F3 -> 0 | G64: =2*G3 -> 0 | H64: =1*H3 -> 0 | I64: =2*I3 -> 0 | J64: =2*J3 -> 0 | O64: =SUM(E64:J64) -> 0 | P64: =D64*O64 -> 0
A65: METAL FRONT WIRE H:50 L:700 | B65: Butée frontale métal 700 x 50 | D65: 1.22 | O65: =SUM(E65:J65) -> 0 | P65: =D65*O65 -> 0
A66: STANDARD 700 INTERCONNECTION | B66: BARRE DE MAINTIEN 700 | D66: 2.15 | O66: =SUM(E66:J66) -> 0 | P66: =D66*O66 -> 0
A67: PROFILE SHEET SIDE CLOSING RIGHT H:2200 D:60 | B67: Cache montant droit 2200 | D67: 5.558 | E67: =1*E3 -> 0 | G67: =1*G3 -> 0 | I67: =1*I3 -> 0 | J67: =1*J3 -> 0 | O67: =SUM(E67:J67) -> 0 | P67: =D67*O67 -> 0
A68: PROFILE SHEET SIDE CLOSING LEFT H:2200 D:60 | B68: cache montant gauche 2200 | D68: 5.558 | E68: =1*E3 -> 0 | G68: =1*G3 -> 0 | I68: =1*I3 -> 0 | J68: =1*J3 -> 0 | O68: =SUM(E68:J68) -> 0 | P68: =D68*O68 -> 0
A69: PROFILE SHEET SIDE CLOSING RIGHT H:1800 D:60 | B69: Cache montant droit 1800 | D69: 5.558 | O69: =SUM(E69:J69) -> 0 | P69: =D69*O69 -> 0
A70: PROFILE SHEET SIDE CLOSING LEFT H:1800 D:60 | B70: cache montant gauche 1800 | D70: 5.558 | O70: =SUM(E70:J70) -> 0 | P70: =D70*O70 -> 0
A71: PROFILE SHEET SIDE CLOSING RIGHT H:1600 D:60 | B71: Cache montant droit 1600 | D71: 5.558 | O71: =SUM(E71:J71) -> 0 | P71: =D71*O71 -> 0
A72: PROFILE SHEET SIDE CLOSING LEFT H:1600 D:60 | B72: cache montant gauche 1600 | D72: 5.558 | O72: =SUM(E72:J72) -> 0 | P72: =D72*O72 -> 0
A73: PROFILE SHEET SIDE CLOSING RIGHT H:1400 D:60 | B73: Cache montant droit 1400 | D73: 3.388 | O73: =SUM(E73:J73) -> 0 | P73: =D73*O73 -> 0
A74: PROFILE SHEET SIDE CLOSING LEFT H:1400 D:60 | B74: Cache montant gauche 1400 | D74: 3.388 | O74: =SUM(E74:J74) -> 0 | P74: =D74*O74 -> 0
A75: SHEET GONDOLA CAP ON UNIT L:700 D:60 | B75: capot 700 | D75: 2.128 | O75: =SUM(E75:J75) -> 0 | P75: =D75*O75 -> 0
A76: SHEET SLIDING GONDOLA CAP ON UNIT L:700 D:60 | B76: capot extensible | D76: 2.702 | O76: =SUM(E76:J76) -> 0 | P76: =D76*O76 -> 0
A77: SHEET GONDOLA CAP FOR FOOT RIGHT D:200 | B77: cache pied droit 200 | D77: 0.686 | G77: =1*G3 -> 0 | I77: =1*I3 -> 0 | O77: =SUM(E77:J77) -> 0 | P77: =D77*O77 -> 0
A78: SHEET GONDOLA CAP FOR FOOT LEFT D:200 | B78: cache pied gauche 200 | D78: 0.686 | G78: =1*G3 -> 0 | I78: =1*I3 -> 0 | O78: =SUM(E78:J78) -> 0 | P78: =D78*O78 -> 0
A79: SHEET GONDOLA CAP FOR FOOT RIGHT D:300 | B79: cache pied droit 300 | D79: 0.98 | E79: =1*E3 -> 0 | J79: =1*J3 -> 0 | O79: =SUM(E79:J79) -> 0 | P79: =D79*O79 -> 0
A80: SHEET GONDOLA CAP FOR FOOT LEFT D:300 | B80: Cache pied gauche 300 | D80: 0.98 | E80: =1*E3 -> 0 | J80: =1*J3 -> 0 | O80: =SUM(E80:J80) -> 0 | P80: =D80*O80 -> 0
A81: SHEET GONDOLA CAP FOR FOOT RIGHT D:400 | B81: cache pied droit 400 | D81: 0.98 | O81: =SUM(E81:J81) -> 0 | P81: =D81*O81 -> 0
A82: SHEET GONDOLA CAP FOR FOOT LEFT D:400 | B82: Cache pied gauche 400 | D82: 0.98 | O82: =SUM(E82:J82) -> 0 | P82: =D82*O82 -> 0
A83: MIDDLE COUNTER DESK-PERFORATED BACK PANEL AND ACCESSORIES LxWxH: 53x5x90 | B83: PANNEAU INTERCOMPTOIR PERFORÉ | D83: 19.138 | O83: =SUM(E83:J83) -> 0 | P83: =D83*O83 -> 0
A84: MIDDLE COUNTER DESK 30MM LACQUER WHITE MDF, BODY-DRAWERS 18MM LACQUER WHITE MDF, FRONT FACE 30MM SONOMA, TELESCOPIC RAIL DRAWERS, GxDxY: 53x60x107 (DOUBLE SIDED CABLE HOLE OPENING, THERMICOUS CABLE | B84: INTERCOMPTOIR | C84: SCREW AND SCREW CLOSER TAPE WILL BE GIVEN TO BIND THE COUNTER DESKS. | D84: 160.23 | O84: =SUM(E84:J84) -> 0 | P84: =D84*O84 -> 0
A85: MIDDLE COUNTER DESK RIHGT MODULE 30MM LACQUER WHITE MDF, BODY-DRAWERS 18MM LACQUER WHITE MDF, FRONT FACE 30MM SONOMA, TELESCOPIC RAIL DRAWERS, GxDxY:60x68x100 (BENCH EDGE BAND SONOMA) | B85: COMPTOIR DROIT | C85: SCREW AND SCREW CLOSER TAPE WILL BE GIVEN TO BIND THE COUNTER DESKS. | D85: 207.942 | O85: =SUM(E85:J85) -> 0 | P85: =D85*O85 -> 0
A86: MIDDLE COUNTER DESK LEFT MODULE 30MM LACQUER WHITE MDF, BODY-DRAWERS 18MM LACQUER WHITE MDF, FRONT FACE 30MM SONOMA, TELESCOPIC RAIL DRAWERS, GxDxY:60x68x100 (BENCH EDGE BAND SONOMA) | B86: COMPTOIR GAUCHE | C86: SCREW AND SCREW CLOSER TAPE WILL BE GIVEN TO BIND THE COUNTER DESKS. | D86: 207.942 | O86: =SUM(E86:J86) -> 0 | P86: =D86*O86 -> 0
A87: SINGLE WIRE HOOK FOR CARRIER BAR WITH LABELED (C.B. 15x30, Ø6- 300) L:200 | B87: BROCHE SIMPLE POUR BARRE DE CHARGE AVEC PORTE ÉTIQUETTE L 200 | D87: 0.75 | O87: =SUM(E87:J87) -> 0 | P87: =D87*O87 -> 0
A88: SINGLE WIRE HOOK FOR CARRIER BAR WITH LABELED (C.B. 15x30, Ø6- 300) L:300 | B88: BROCHE SIMPLE POUR BARRE DE CHARGE AVEC PORTE ÉTIQUETTE L 300 | D88: 0.75 | O88: =SUM(E88:J88) -> 0 | P88: =D88*O88 -> 0
A89: SINGLE WIRE HOOK FOR CARRIER BAR WITH LABELED (C.B. 15x30, Ø6- 300) L:400 | B89: BROCHE SIMPLE POUR BARRE DE CHARGE AVEC PORTE ÉTIQUETTE L 400 | D89: 0.75 | O89: =SUM(E89:J89) -> 0 | P89: =D89*O89 -> 0
A90: WIRE HOCK/PERFORATED PANET WITH TICKET RAIL L 200 | B90: BROCHE POUR PANNEAU PERFORÉ AVEC PORTE ÉTIQUETTE L 200 | D90: 0.75 | O90: =SUM(E90:J90) -> 0 | P90: =D90*O90 -> 0
O92: TOTAL | P92: =SUM(P4:P82) -> 0

Sheet EXTENSIBLES
A1: Désignation produit en anglais | B1: Désignation produit en francais | C1: remarques | D1: Prix d'achat unitaire HT | E1: LINEAIRE EXTENSIBLE 2200 x 400 Métal base + K | F1: LINEAIRE EXTENSIBLE 2200 x 300 Métal base + K | G1: LINEAIRE EXTENSIBLE 2200 x 200 métal base + K
D2: K | E2: 0 | F2: 0 | G2: 0
D3: QUANTITÉ | E3: 0 | F3: 0 | G3: 0 | O3: TOTAL | P3: PRIX
A4: BACK PANEL 400X500 | B4: Fond 400 x 500 | D4: 3.20712 | O4: =SUM(E4:G4) -> 0 | P4: =D4*O4 -> 0
A5: BACK PANEL 500X500 | B5: fond 500 x 500 | D5: 4.10872 | O5: =SUM(E5:G5) -> 0 | P5: =D5*O5 -> 0
A6: BACK PANEL 400X700 | B6: Fond 400 x 700 | D6: 3.47 | O6: =SUM(E6:G6) -> 0 | P6: =D6*O6 -> 0
A7: BACK PANEL 500X700 | B7: fond 500 x 700 | D7: 4.27 | O7: =SUM(E7:G7) -> 0 | P7: =D7*O7 -> 0
A8: SLIDING BACK PANEL 400X700 | B8: fond extensible 400 | D8: 6.23 | E8: =4*E3 -> 0 | F8: =4*F3 -> 0 | G8: =4*G3 -> 0 | O8: =SUM(E8:G8) -> 0 | P8: =D8*O8 -> 0
A9: SLIDING BACK PANEL 500X700 | B9: Fond extensible 500 | D9: 7.658 | E9: =1*E3 -> 0 | F9: =1*F3 -> 0 | G9: =1*G3 -> 0 | O9: =SUM(E9:G9) -> 0 | P9: =D9*O9 -> 0
A10: SHELF MONOBLOCK 200X500 | B10: Tablette 200 x 500 | C10: SEPERATOR WITHOUT HOLES - FLAT separateur sans trou | D10: 2.4472 | O10: =SUM(E10:G10) -> 0 | P10: =D10*O10 -> 0
A11: SHELF MONOBLOCK 200X700 | B11: Tablette 200 x 700 | C11: SEPERATOR WITHOUT HOLES - FLAT separateur sans trou | D11: 3.38744 | O11: =SUM(E11:G11) -> 0 | P11: =D11*O11 -> 0
A12: SHELF MONOBLOCK (WITHOUT C LABELS) 200X700 | B12: Tablette 200 x 700 pour bacs soldeurs | C12: GLASS SEPERATOR PERFORATED perforation pour separateur verre | D12: 3.38744 | O12: =SUM(E12:G12) -> 0 | P12: =D12*O12 -> 0
A13: SHELF MONOBLOCK (WITHOUT C LABELS) 300X700 | B13: Tabette 300 x 700 pour bacs soldeurs | C13: GLASS SEPERATOR PERFORATED perforation pour separateur verre | D13: 4.0572 | O13: =SUM(E13:G13) -> 0 | P13: =D13*O13 -> 0
A14: SHELF MONOBLOCK (WITHOUT C LABELS) 400 X 700 | B14: Tabette 400 x 700 pour bacs soldeurs | C14: GLASS SEPERATOR PERFORATED perforation pour separateur verre | D14: 4.0572 | O14: =SUM(E14:G14) -> 0 | P14: =D14*O14 -> 0
A15: SHELF MONOBLOCK (WITHOUT C LABELS) 200 X 500 | B15: Tabette 200 x 500 pour bacs soldeurs | C15: GLASS SEPERATOR PERFORATED perforation pour separateur verre | D15: 4.0572 | O15: =SUM(E15:G15) -> 0 | P15: =D15*O15 -> 0
A16: SHELF MONOBLOCK (WITHOUT C LABELS) 300 X 500 | B16: Tabette 300 x 500 pour bacs soldeurs | C16: GLASS SEPERATOR PERFORATED perforation pour separateur verre | D16: 4.0572 | O16: =SUM(E16:G16) -> 0 | P16: =D16*O16 -> 0
A17: SHELF MONOBLOCK (WITHOUT C LABELS) 400 X 500 | B17: Tabette 400 x 500 pour bacs soldeurs | C17: GLASS SEPERATOR PERFORATED perforation pour separateur verre | D17: 4.0572 | O17: =SUM(E17:G17) -> 0 | P17: =D17*O17 -> 0
A18: SHELF MONOBLOCK (WITHOUT C LABELS) 300X500 | B18: Tabette 300 x 500 sans trou | C18: SEPERATOR WITHOUT HOLES - FLAT separateur sans trou | D18: 4.0572 | O18: =SUM(E18:G18) -> 0 | P18: =D18*O18 -> 0
A19: SHELF MONOBLOCK (WITHOUT C LABELS) 400X500 | B19: Tabette 400 x 500 sans trou | C19: SEPERATOR WITHOUT HOLES - FLAT separateur sans trou | D19: 4.0572
A20: SHELF MONOBLOCK (WITHOUT C LABELS) 300X700 | B20: Tabette 300 x 700 sans trou | C20: SEPERATOR WITHOUT HOLES - FLAT separateur sans trou | D20: 4.0572 | O20: =SUM(E20:G20) -> 0 | P20: =D20*O20 -> 0
A21: SHELF MONOBLOCK (WITHOUT C LABELS) 400X700 | B21: Tablette 400 x 700 sans trou | C21: SEPERATOR WITHOUT HOLES - FLAT separateur sans trou | D21: 5.3 | O21: =SUM(E21:G21) -> 0 | P21: =D21*O21 -> 0
A22: PERFORATED SHELF MONOBLOCK (WITHOUT C LABELS) 300X700 | B22: Tablette 300 x 700 perforée | C22: STANDART PERFORATED SHELF Tablette standard perforée | D22: 5.30656 | O22: =SUM(E22:G22) -> 0 | P22: =D22*O22 -> 0
A23: PERFORATED SHELF MONOBLOCK (WITHOUT C LABELS) 400X700 | B23: TABLETTE PERFORÉE (SANS PORTE ETIQUETTE) 400 X 700 | C23: STANDART PERFORATED SHELF Tablette standard perforée | D23: 5.30656 | O23: =SUM(E23:G23) -> 0 | P23: =D23*O23 -> 0
A24: GLASS SEPERATOR APPARATUS-CORNER | B24: SEPARATEUR VERRE D'ANGLE | D24: 0.24 | O24: =SUM(E24:G24) -> 0 | P24: =D24*O24 -> 0
A25: GLASS SEPERATOR APPARATUS-FLAT | B25: SEPARATEUR VERRE PLAT | D25: 0.17 | O25: =SUM(E25:G25) -> 0 | P25: =D25*O25 -> 0
A26: SIDE GLASS SEPERATOR 200X180 , 6MM TEMPERED GLASS | B26: VERRE LATÉRAL VERRE TREMPÉ 6MM 200 X 180 | D26: 7.2 | O26: =SUM(E26:G26) -> 0 | P26: =D26*O26 -> 0
A27: SIDE GLASS SEPERATOR 300X180 , 6MM TEMPERED GLASS | B27: VERRE LATÉRAL VERRE TREMPÉ 6MM 300 X 180 | D27: 7.2 | O27: =SUM(E27:G27) -> 0 | P27: =D27*O27 -> 0
A28: SIDE GLASS SEPERATOR 400X180 , 6MM TEMPERED GLASS | B28: VERRE LATÉRAL VERRE TREMPÉ 6MM 400 X 180 | D28: 7.2 | O28: =SUM(E28:G28) -> 0 | P28: =D28*O28 -> 0
A29: FRONT WINDOW SEPERATOR L:700 H:100, 6MM TEMPERED GLASS | B29: VERRE FRONTAL VERRE TREMPÉ 6 MM 700 X 100 | D29: 7.2 | O29: =SUM(E29:G29) -> 0 | P29: =D29*O29 -> 0
A30: FRONT WINDOW SEPERATOR L:500 H:100, 6MM TEMPERED GLASS | B30: VERRE FRONTAL VERRE TREMPÉ 6 MM 500 X 100 | D30: 7.2 | O30: =SUM(E30:G30) -> 0 | P30: =D30*O30 -> 0
A31: FRONT WINDOW SEPERATOR L:500 H:100, 6MM TEMPERED GLASS | B31: VERRE FRONTAL VERRE TREMPÉ 6 MM 500 X 100 | D31: 7.2 | O31: =SUM(E31:G31) -> 0 | P31: =D31*O31 -> 0
A32: GLASS SHELF (6mm TEMPERED) 200X500 | B32: Tablette verre 200 x 500 | C32: FOR THE MIDDLE COUNTER DESK pour inter comptoir | D32: 8.792 | O32: =SUM(E32:G32) -> 0 | P32: =D32*O32 -> 0
A33: GLASS SHELF (6mm TEMPERED) 200X500 | B33: Tablettes verres 200 X 500 | C33: FOR THE WALL UNIT Pour les linéaires muraux | D33: 8.792 | O33: =SUM(E33:G33) -> 0 | P33: =D33*O33 -> 0
A34: GLASS SHELF (6mm TEMPERED) 200X700 | B34: Tablettes verres 200 X 700 | C34: FOR THE WALL UNIT Pour les linéaires muraux | D34: 9.618 | O34: =SUM(E34:G34) -> 0 | P34: =D34*O34 -> 0
A35: GLASS SHELF (6mm TEMPERED) 300X500 | B35: Tablettes verres 300 X 500 | C35: FOR THE WALL UNIT Pour les linéaires muraux | D35: 9.618 | O35: =SUM(E35:G35) -> 0 | P35: =D35*O35 -> 0
A36: GLASS SHELF (6mm TEMPERED) 300X700 | B36: Tablettes verres 300 X 700 | C36: FOR THE WALL UNIT Pour les linéaires muraux | D36: 9.618 | O36: =SUM(E36:G36) -> 0 | P36: =D36*O36 -> 0
A37: SLIDING SHELF (WITHOUT HOLES) 200X700 | B37: Tablettes extensibles sans trou 200 | C37: RAL 7021 | D37: 6.622 | G37: =(1*G2+1)*G3 -> 0 | O37: =SUM(E37:G37) -> 0 | P37: =D37*O37 -> 0
A38: SLIDING SHELF (WITHOUT HOLES) 300X700 | B38: Tablettes extensibles sans trou 300 | C38: RAL 7021 | D38: 6.622 | F38: =(1*F2 +1)*F3 -> 0 | O38: =SUM(E38:G38) -> 0 | P38: =D38*O38 -> 0
A39: SLIDING SHELF (WITHOUT HOLES) 400X700 | B39: Tablettes extensibles sans trou 400 | C39: RAL 7021 | D39: 8.652 | E39: =(1*E2 +1)*E3 -> 0 | O39: =SUM(E39:G39) -> 0 | P39: =D39*O39 -> 0
A40: GLASS SHELF CONSOLE 200X700 | B40: Console tablettes verre 200 X 700 | C40: RAL 7021 | D40: 7.22 | O40: =SUM(E40:G40) -> 0 | P40: =D40*O40 -> 0
A41: GLASS SHELF CONSOLE (ONE PIECE) 200X500 | B41: Console tablettes verre 200 X 500 | C41: RAL 7021 | D41: 5.16 | O41: =SUM(E41:G41) -> 0 | P41: =D41*O41 -> 0
A42: GLASS SHELF CONSOLE 300X500 | B42: Console verre 300 x 500 | C42: RAL 7021 | D42: 7.22 | O42: =SUM(E42:G42) -> 0 | P42: =D42*O42 -> 0
A43: GLASS SHELF CONSOLE 300X700 | B43: Console verre 300 x 700 | C43: RAL 7021 | D43: 7.22 | O43: =SUM(E43:G43) -> 0 | P43: =D43*O43 -> 0
A44: METAL STANDART BRACKET FLAT 200 LÜK | B44: Console 200 | C44: RAL 7021 | D44: 0.66128526 | G44: =(2*G2)*G3 -> 0 | O44: =SUM(E44:G44) -> 0 | P44: =D44*O44 -> 0
A45: METAL STANDART BRACKET FLAT 300 LÜK | B45: Console 300 | D45: 0.73 | F45: =(2*F2)*F3 -> 0 | O45: =SUM(E45:G45) -> 0 | P45: =D45*O45 -> 0
A46: METAL STANDART BRACKET FLAT 400 LÜK | B46: Console 400 | D46: 0.73 | E46: =(2*E2)*E3 -> 0 | O46: =SUM(E46:G46) -> 0 | P46: =D46*O46 -> 0
A47: SLIDING METAL PLINTH PLAIN 700 | B47: Plinthe extensible | D47: 1.862 | E47: =1*E3 -> 0 | F47: =1*F3 -> 0 | G47: =1*G3 -> 0 | O47: =SUM(E47:G47) -> 0 | P47: =D47*O47 -> 0
A48: METAL PLINTH PLAIN 500 | B48: Plinthe 500 | D48: 0.966 | O48: =SUM(E48:G48) -> 0 | P48: =D48*O48 -> 0
A49: METAL PLINTH PLAIN 700 | B49: Plinthe 700 | D49: 0.83 | E49: =1*E3 -> 0 | F49: =1*F3 -> 0 | G49: =1*G3 -> 0 | O49: =SUM(E49:G49) -> 0 | P49: =D49*O49 -> 0
A50: PROFILE 30x60 H:2200 | B50: Montant 2200 | D50: 10.4972 | E50: =2*E3 -> 0 | F50: =2*F3 -> 0 | G50: =2*G3 -> 0 | O50: =SUM(E50:G50) -> 0 | P50: =D50*O50 -> 0
A51: PROFILE 30x60 H:1800 | B51: Montant 1800 | D51: 8.6296 | O51: =SUM(E51:G51) -> 0 | P51: =D51*O51 -> 0
A52: PROFILE 30x60 H:1600 | B52: Montant 1600 | D52: 6.78 | O52: =SUM(E52:G52) -> 0 | P52: =D52*O52 -> 0
A53: PROFILE 30x60 H:1400 | B53: Montant 1400 | D53: 6.78 | O53: =SUM(E53:G53) -> 0 | P53: =D53*O53 -> 0
A54: FOOT D:200 | B54: Pied 200 | D54: 2.66616 | G54: =2*G3 -> 0 | O54: =SUM(E54:G54) -> 0 | P54: =D54*O54 -> 0
A55: FOOT D:300 | B55: Pied 300 | D55: 3.43896 | F55: =2*F3 -> 0 | O55: =SUM(E55:G55) -> 0 | P55: =D55*O55 -> 0
A56: FOOT D:400 | B56: Pied 400 | D56: 3.43896 | E56: =2*E3 -> 0 | O56: =SUM(E56:G56) -> 0 | P56: =D56*O56 -> 0
A57: Adjuster Clip 30*30 - 30*60 - 30*80 *Zinc* | B57: Clip de réglage | D57: 0.15512465 | E57: =2*E3 -> 0 | F57: =2*F3 -> 0 | G57: =2*G3 -> 0 | O57: =SUM(E57:G57) -> 0 | P57: =D57*O57 -> 0
A58: Set Screw Ø30 M10*60 (Td-K8,8) *Zinc* | B58: vis de réglage M10*50 | D58: 0.27922438 | E58: =2*E3 -> 0 | F58: =2*F3 -> 0 | G58: =2*G3 -> 0 | O58: =SUM(E58:G58) -> 0 | P58: =D58*O58 -> 0
A59: Bolt Imbus M10*50 (Bb-Td-Iso7380-K8,8) *Zinc* | B59: Boulon imbus M10*50 | D59: 0.12409972 | E59: =2*E3 -> 0 | F59: =2*F3 -> 0 | G59: =2*G3 -> 0 | O59: =SUM(E59:G59) -> 0 | P59: =D59*O59 -> 0
A60: Nut with Fiber M10 (Ak-Dın985-K6,8) *Zinc* | B60: Ecrou avec fibre M10 | D60: 0.031024931 | E60: =2*E3 -> 0 | F60: =2*F3 -> 0 | G60: =2*G3 -> 0 | O60: =SUM(E60:G60) -> 0 | P60: =D60*O60 -> 0
A61: CARRIER BAR 15X30 D:35 L:700 | B61: barre de charge 700 | D61: 3.49 | O61: =SUM(E61:G61) -> 0 | P61: =D61*O61 -> 0
A62: ADVERTISING CANOPY ON THE UNIT H:100 L:500 | B62: Capot Pub 500 | C62: 4 PCS SCREWS WILL BE ADDED TO EACH PIECE TO FIX THE BACK PANEL 4 vis devront être ajoutée pour une fixation sur les fonds | D62: 4.85 | O62: =SUM(E62:G62) -> 0 | P62: =D62*O62 -> 0
A63: ADVERTISING CANOPY ON THE UNIT H:100 L:700 | B63: Capot pub 700 | C63: 4 PCS SCREWS WILL BE ADDED TO EACH PIECE TO FIX THE BACK PANEL 4 vis devront être ajoutée pour une fixation sur les fonds | D63: 6.8 | O63: =SUM(E63:G63) -> 0 | P63: =D63*O63 -> 0
A64: APPARATUS FOR THE UNIT FIXING TO THE FLOOR | B64: Fixations pour le sol | D64: 1.14 | E64: =2*E3 -> 0 | F64: =2*F3 -> 0 | G64: =2*G3 -> 0 | O64: =SUM(E64:G64) -> 0 | P64: =D64*O64 -> 0
A65: METAL FRONT WIRE H:50 L:700 | B65: Butée frontale métal 700 x 50 | D65: 1.22 | O65: =SUM(E65:G65) -> 0 | P65: =D65*O65 -> 0
A66: STANDARD 700 INTERCONNECTION | B66: BARRE DE MAINTIEN 700 | D66: 2.15 | O66: =SUM(E66:G66) -> 0 | P66: =D66*O66 -> 0
A67: PROFILE SHEET SIDE CLOSING RIGHT H:2200 D:60 | B67: Cache montant droit 2200 | D67: 5.558 | E67: =2*E3 -> 0 | F67: =2*F3 -> 0 | G67: =2*G3 -> 0 | O67: =SUM(E67:G67) -> 0 | P67: =D67*O67 -> 0
A68: PROFILE SHEET SIDE CLOSING LEFT H:2200 D:60 | B68: cache montant gauche 2200 | D68: 5.558 | O68: =SUM(E68:G68) -> 0 | P68: =D68*O68 -> 0
A69: PROFILE SHEET SIDE CLOSING RIGHT H:1800 D:60 | B69: Cache montant droit 1800 | D69: 5.558 | O69: =SUM(E69:G69) -> 0 | P69: =D69*O69 -> 0
A70: PROFILE SHEET SIDE CLOSING LEFT H:1800 D:60 | B70: cache montant gauche 1800 | D70: 5.558 | O70: =SUM(E70:G70) -> 0 | P70: =D70*O70 -> 0
A71: PROFILE SHEET SIDE CLOSING RIGHT H:1600 D:60 | B71: Cache montant droit 1600 | D71: 5.558 | O71: =SUM(E71:G71) -> 0 | P71: =D71*O71 -> 0
A72: PROFILE SHEET SIDE CLOSING LEFT H:1600 D:60 | B72: cache montant gauche 1600 | D72: 5.558 | O72: =SUM(E72:G72) -> 0 | P72: =D72*O72 -> 0
A73: PROFILE SHEET SIDE CLOSING RIGHT H:1400 D:60 | B73: Cache montant droit 1400 | D73: 3.388 | O73: =SUM(E73:G73) -> 0 | P73: =D73*O73 -> 0
A74: PROFILE SHEET SIDE CLOSING LEFT H:1400 D:60 | B74: Cache montant gauche 1400 | D74: 3.388 | O74: =SUM(E74:G74) -> 0 | P74: =D74*O74 -> 0
A75: SHEET GONDOLA CAP ON UNIT L:700 D:60 | B75: capot 700 | D75: 2.128 | O75: =SUM(E75:G75) -> 0 | P75: =D75*O75 -> 0
A76: SHEET SLIDING GONDOLA CAP ON UNIT L:700 D:60 | B76: capot extensible | D76: 2.702 | O76: =SUM(E76:G76) -> 0 | P76: =D76*O76 -> 0
A77: SHEET GONDOLA CAP FOR FOOT RIGHT D:200 | B77: cache pied droit 200 | D77: 0.686 | G77: =1*G3 -> 0 | O77: =SUM(E77:G77) -> 0 | P77: =D77*O77 -> 0
A78: SHEET GONDOLA CAP FOR FOOT LEFT D:200 | B78: cache pied gauche 200 | D78: 0.686 | G78: =1*G3 -> 0 | O78: =SUM(E78:G78) -> 0 | P78: =D78*O78 -> 0
A79: SHEET GONDOLA CAP FOR FOOT RIGHT D:300 | B79: cache pied droit 300 | D79: 0.98 | F79: =1*F3 -> 0 | O79: =SUM(E79:G79) -> 0 | P79: =D79*O79 -> 0
A80: SHEET GONDOLA CAP FOR FOOT LEFT D:300 | B80: Cache pied gauche 300 | D80: 0.98 | F80: =1*F3 -> 0 | O80: =SUM(E80:G80) -> 0 | P80: =D80*O80 -> 0
A81: SHEET GONDOLA CAP FOR FOOT RIGHT D:400 | B81: cache pied droit 400 | D81: 0.98 | E81: =1*E3 -> 0 | O81: =SUM(E81:G81) -> 0 | P81: =D81*O81 -> 0
A82: SHEET GONDOLA CAP FOR FOOT LEFT D:400 | B82: cache pied gauche 400 | D82: 0.686 | E82: =1*E3 -> 0 | G82: =1*G7 -> 0 | O82: =SUM(E82:G82) -> 0 | P82: =D82*O82 -> 0
A83: MIDDLE COUNTER DESK-PERFORATED BACK PANEL AND ACCESSORIES LxWxH: 53x5x90 | B83: PANNEAU INTERCOMPTOIR PERFORÉ | D83: 19.138 | P83: =D83*O83 -> 0
A84: MIDDLE COUNTER DESK 30MM LACQUER WHITE MDF, BODY-DRAWERS 18MM LACQUER WHITE MDF, FRONT FACE 30MM SONOMA, TELESCOPIC RAIL DRAWERS, GxDxY: 53x60x107 (DOUBLE SIDED CABLE HOLE OPENING, THERMICOUS CABLE | B84: INTERCOMPTOIR | C84: SCREW AND SCREW CLOSER TAPE WILL BE GIVEN TO BIND THE COUNTER DESKS. | D84: 160.23 | P84: =D84*O84 -> 0
A85: MIDDLE COUNTER DESK RIHGT MODULE 30MM LACQUER WHITE MDF, BODY-DRAWERS 18MM LACQUER WHITE MDF, FRONT FACE 30MM SONOMA, TELESCOPIC RAIL DRAWERS, GxDxY:60x68x100 (BENCH EDGE BAND SONOMA) | B85: COMPTOIR DROIT | C85: SCREW AND SCREW CLOSER TAPE WILL BE GIVEN TO BIND THE COUNTER DESKS. | D85: 207.942 | P85: =D85*O85 -> 0
A86: MIDDLE COUNTER DESK LEFT MODULE 30MM LACQUER WHITE MDF, BODY-DRAWERS 18MM LACQUER WHITE MDF, FRONT FACE 30MM SONOMA, TELESCOPIC RAIL DRAWERS, GxDxY:60x68x100 (BENCH EDGE BAND SONOMA) | B86: COMPTOIR GAUCHE | C86: SCREW AND SCREW CLOSER TAPE WILL BE GIVEN TO BIND THE COUNTER DESKS. | D86: 207.942 | P86: =D86*O86 -> 0
A87: SINGLE WIRE HOOK FOR CARRIER BAR WITH LABELED (C.B. 15x30, Ø6- 300) L:200 | B87: BROCHE SIMPLE POUR BARRE DE CHARGE AVEC PORTE ÉTIQUETTE L 200 | D87: 0.75 | P87: =D87*O87 -> 0
A88: SINGLE WIRE HOOK FOR CARRIER BAR WITH LABELED (C.B. 15x30, Ø6- 300) L:300 | B88: BROCHE SIMPLE POUR BARRE DE CHARGE AVEC PORTE ÉTIQUETTE L 300 | D88: 0.75 | P88: =D88*O88 -> 0
A89: SINGLE WIRE HOOK FOR CARRIER BAR WITH LABELED (C.B. 15x30, Ø6- 300) L:400 | B89: BROCHE SIMPLE POUR BARRE DE CHARGE AVEC PORTE ÉTIQUETTE L 400 | D89: 0.75 | P89: =D89*O89 -> 0
A90: WIRE HOCK/PERFORATED PANET WITH TICKET RAIL L 200 | B90: BROCHE POUR PANNEAU PERFORÉ AVEC PORTE ÉTIQUETTE L 200 | D90: 0.75 | P90: =D90*O90 -> 0
O92: TOTAL | P92: =SUM(P4:P80) -> 0

Sheet EXTENSIBLE GONDOLE SIMPLE  
A1: Désignation produit en anglais | B1: Désignation produit en francais | C1: remarques | D1: Prix d'achat unitaire HT | E1: GONDOLE SIMPLE BASE + 6 1400 X 700 X 300 | F1: GONDOLE SIMPLE BASE + 6 1400 X 700 X 200 | G1: GONDOLE SIMPLE BASE + 7 1600 X 700 X 300 | H1: GONDOLE SIMPLE BASE + 7 1600 X 700 X 200 | I1: GONDOLE SIMPLE BASE + 8 1800 X 700 X 400 | J1: GONDOLE SIMPLE BASE + 8 1800 X 700 X 300
D3: QUANTITÉ | E3: 0 | F3: 0 | G3: 0 | H3: 0 | I3: 0 | J3: 0 | O3: TOTAL | P3: PRIX
A4: BACK PANEL 400X500 | B4: Fond 400 x 500 | D4: 3.20712 | O4: =SUM(E4:J4) -> 0 | P4: =D4*O4 -> 0
A5: BACK PANEL 500X500 | B5: fond 500 x 500 | D5: 4.10872 | O5: =SUM(E5:J5) -> 0 | P5: =D5*O5 -> 0
A6: BACK PANEL 400X700 | B6: Fond 400 x 700 | D6: 3.47 | O6: =SUM(E6:J6) -> 0 | P6: =D6*O6 -> 0
A7: BACK PANEL 500X700 | B7: fond 500 x 700 | D7: 4.27 | O7: =SUM(E7:J7) -> 0 | P7: =D7*O7 -> 0
A8: SLIDING BACK PANEL 400X700 | B8: fond extensible 400 | D8: 6.23 | E8: =4*E3 -> 0 | F8: =4*F3 -> 0 | I8: =6*I3 -> 0 | J8: =6*J3 -> 0 | O8: =SUM(E8:J8) -> 0 | P8: =D8*O8 -> 0
A9: SLIDING BACK PANEL 500X700 | B9: Fond extensible 500 | D9: 7.658 | E9: =2*E3 -> 0 | F9: =2*F3 -> 0 | G9: =6*G3 -> 0 | H9: =6*H3 -> 0 | I9: =2*I3 -> 0 | J9: =2*J3 -> 0 | O9: =SUM(E9:J9) -> 0 | P9: =D9*O9 -> 0
A10: SHELF MONOBLOCK (WITHOUT C LABELS) 200X500 | B10: Tablette 200 x 500 | C10: SEPERATOR WITHOUT HOLES - FLAT separateur sans trou | D10: 2.4472 | O10: =SUM(E10:J10) -> 0 | P10: =D10*O10 -> 0
A11: SHELF MONOBLOCK (WITHOUT C LABELS) 200X700 | B11: Tablette 200 x 700 | C11: SEPERATOR WITHOUT HOLES - FLAT separateur sans trou | D11: 3.38744 | H11: =8*H3 -> 0 | O11: =SUM(E11:J11) -> 0 | P11: =D11*O11 -> 0
A12: SHELF MONOBLOCK (WITHOUT C LABELS) 200X700 | B12: Tablette 200 x 700 pour bacs soldeurs | C12: GLASS SEPERATOR PERFORATED perforation pour separateur verre | D12: 3.38744 | O12: =SUM(E12:J12) -> 0 | P12: =D12*O12 -> 0
A13: SHELF MONOBLOCK (WITHOUT C LABELS) 300X700 | B13: Tabette 300 x 700 pour bacs soldeurs | C13: GLASS SEPERATOR PERFORATED perforation pour separateur verre | D13: 4.0572 | O13: =SUM(E13:J13) -> 0 | P13: =D13*O13 -> 0
A14: SHELF MONOBLOCK (WITHOUT C LABELS) 400 X 700 | B14: Tabette 400 x 700 pour bacs soldeurs | C14: GLASS SEPERATOR PERFORATED perforation pour separateur verre | D14: 4.0572 | O14: =SUM(E14:J14) -> 0 | P14: =D14*O14 -> 0
A15: SHELF MONOBLOCK (WITHOUT C LABELS) 200 X 500 | B15: Tabette 200 x 500 pour bacs soldeurs | C15: GLASS SEPERATOR PERFORATED perforation pour separateur verre | D15: 4.0572 | O15: =SUM(E15:J15) -> 0 | P15: =D15*O15 -> 0
A16: SHELF MONOBLOCK (WITHOUT C LABELS) 300 X 500 | B16: Tabette 300 x 500 pour bacs soldeurs | C16: GLASS SEPERATOR PERFORATED perforation pour separateur verre | D16: 4.0572 | O16: =SUM(E16:J16) -> 0 | P16: =D16*O16 -> 0
A17: SHELF MONOBLOCK (WITHOUT C LABELS) 400 X 500 | B17: Tabette 400 x 500 pour bacs soldeurs | C17: GLASS SEPERATOR PERFORATED perforation pour separateur verre | D17: 4.0572 | O17: =SUM(E17:J17) -> 0 | P17: =D17*O17 -> 0
A18: SHELF MONOBLOCK (WITHOUT C LABELS) 300X500 | B18: Tabette 300 x 500 sans trou | C18: SEPERATOR WITHOUT HOLES - FLAT separateur sans trou | D18: 4.0572 | O18: =SUM(E18:J18) -> 0 | P18: =D18*O18 -> 0
A19: SHELF MONOBLOCK (WITHOUT C LABELS) 400X500 | B19: Tabette 400 x 500 sans trou | C19: SEPERATOR WITHOUT HOLES - FLAT separateur sans trou | D19: 4.0572 | O19: =SUM(E19:J19) -> 0 | P19: =D19*O19 -> 0
A20: SHELF MONOBLOCK (WITHOUT C LABELS) 300X700 | B20: Tabette 300 x 700 sans trou | C20: SEPERATOR WITHOUT HOLES - FLAT separateur sans trou | D20: 4.0572 | O20: =SUM(E20:J20) -> 0 | P20: =D20*O20 -> 0
A21: PERFORATED SHELF MONOBLOCK (WITHOUT C LABELS) 400X700 | B21: Tablette 400 x 700 sans trou | C21: SEPERATOR WITHOUT HOLES - FLAT separateur sans trou | D21: 5.3 | O21: =SUM(E21:J21) -> 0 | P21: =D21*O21 -> 0
A22: PERFORATED SHELF MONOBLOCK (WITHOUT C LABELS) 300X700 | B22: Tablette 300 x 700 perforée | C22: STANDART PERFORATED SHELF Tablette standard perforée | D22: 5.30656 | O22: =SUM(E22:J22) -> 0 | P22: =D22*O22 -> 0
A23: PERFORATED SHELF MONOBLOCK (WITHOUT C LABELS) 400X700 | B23: TABLETTE PERFORÉE (SANS PORTE ETIQUETTE) 400 X 700 | C23: STANDART PERFORATED SHELF Tablette standard perforée | D23: 5.30656 | O23: =SUM(E23:J23) -> 0 | P23: =D23*O23 -> 0
A24: GLASS SEPERATOR APPARATUS-CORNER | B24: SEPARATEUR VERRE D'ANGLE | D24: 0.24 | O24: =SUM(E24:J24) -> 0 | P24: =D24*O24 -> 0
A25: GLASS SEPERATOR APPARATUS-FLAT | B25: SEPARATEUR VERRE PLAT | D25: 0.17 | O25: =SUM(E25:J25) -> 0 | P25: =D25*O25 -> 0
A26: SIDE GLASS SEPERATOR 200X180 , 6MM TEMPERED GLASS | B26: VERRE LATÉRAL VERRE TREMPÉ 6MM 200 X 180 | D26: 7.2 | O26: =SUM(E26:J26) -> 0 | P26: =D26*O26 -> 0
A27: SIDE GLASS SEPERATOR 300X180 , 6MM TEMPERED GLASS | B27: VERRE LATÉRAL VERRE TREMPÉ 6MM 300 X 180 | D27: 7.2 | O27: =SUM(E27:J27) -> 0 | P27: =D27*O27 -> 0
A28: SIDE GLASS SEPERATOR 400X180 , 6MM TEMPERED GLASS | B28: VERRE LATÉRAL VERRE TREMPÉ 6MM 400 X 180 | D28: 7.2 | O28: =SUM(E28:J28) -> 0 | P28: =D28*O28 -> 0
A29: FRONT WINDOW SEPERATOR L:700 H:100, 6MM TEMPERED GLASS | B29: VERRE FRONTAL VERRE TREMPÉ 6 MM 700 X 100 | D29: 7.2 | O29: =SUM(E29:J29) -> 0 | P29: =D29*O29 -> 0
A30: FRONT WINDOW SEPERATOR L:500 H:100, 6MM TEMPERED GLASS | B30: VERRE FRONTAL VERRE TREMPÉ 6 MM 500 X 100 | D30: 7.2 | O30: =SUM(E30:J30) -> 0 | P30: =D30*O30 -> 0
A31: FRONT WINDOW SEPERATOR L:500 H:100, 6MM TEMPERED GLASS | B31: VERRE FRONTAL VERRE TREMPÉ 6 MM 500 X 100 | D31: 7.2 | O31: =SUM(E31:J31) -> 0 | P31: =D31*O31 -> 0
A32: GLASS SHELF (6mm TEMPERED) 200X500 | B32: Tablette verre 200 x 500 | C32: FOR THE MIDDLE COUNTER DESK pour inter comptoir | D32: 8.792 | O32: =SUM(E32:J32) -> 0 | P32: =D32*O32 -> 0
A33: GLASS SHELF (6mm TEMPERED) 200X500 | B33: Tablettes verres 200 X 500 | C33: FOR THE WALL UNIT Pour les linéaires muraux | D33: 8.792 | O33: =SUM(E33:J33) -> 0 | P33: =D33*O33 -> 0
A34: GLASS SHELF (6mm TEMPERED) 200X700 | B34: Tablettes verres 200 X 700 | C34: FOR THE WALL UNIT Pour les linéaires muraux | D34: 9.618 | O34: =SUM(E34:J34) -> 0 | P34: =D34*O34 -> 0
A35: GLASS SHELF (6mm TEMPERED) 300X500 | B35: Tablettes verres 300 X 500 | C35: FOR THE WALL UNIT Pour les linéaires muraux | D35: 9.618 | O35: =SUM(E35:J35) -> 0 | P35: =D35*O35 -> 0
A36: GLASS SHELF (6mm TEMPERED) 300X700 | B36: Tablettes verres 300 X 700 | C36: FOR THE WALL UNIT Pour les linéaires muraux | D36: 9.618 | O36: =SUM(E36:J36) -> 0 | P36: =D36*O36 -> 0
A37: SLIDING SHELF (WITHOUT HOLES) 200X700 | B37: Tablettes extensibles sans trou 300 X 700 | C37: RAL 7201 | D37: 6.622 | F37: =7*F3 -> 0 | H37: =8*H3 -> 0 | O37: =SUM(E37:J37) -> 0 | P37: =D37*O37 -> 0
A38: SLIDING SHELF (WITHOUT HOLES) 300X700 | B38: Tablettes extensibles sans trou 300 X 700 | C38: RAL 7201 | D38: 6.622 | E38: =7*E3 -> 0 | G38: =8*G3 -> 0 | J38: =9*J3 -> 0 | O38: =SUM(E38:J38) -> 0 | P38: =D38*O38 -> 0
A39: SLIDING SHELF (WITHOUT HOLES) 400X700 | B39: Tablettes extensibles sans trou 400 X 700 | C39: RAL 9003 | D39: 8.652 | I39: =9*I3 -> 0 | O39: =SUM(E39:J39) -> 0 | P39: =D39*O39 -> 0
A40: GLASS SHELF CONSOLE 200X700 | B40: Console tablettes verre 200 X 700 | C40: RAL 7201 | D40: 7.22 | O40: =SUM(E40:J40) -> 0 | P40: =D40*O40 -> 0
A41: GLASS SHELF CONSOLE (ONE PIECE) 200X500 | B41: Console tablettes verre 200 X 500 | C41: RAL 7201 | D41: 5.16 | O41: =SUM(E41:J41) -> 0 | P41: =D41*O41 -> 0
A42: GLASS SHELF CONSOLE 300X500 | B42: Console verre 300 x 500 | C42: RAL 7201 | D42: 7.22 | O42: =SUM(E42:J42) -> 0 | P42: =D42*O42 -> 0
A43: GLASS SHELF CONSOLE 300X700 | B43: Console verre 300 x 700 | C43: RAL 7201 | D43: 7.22 | O43: =SUM(E43:J43) -> 0 | P43: =D43*O43 -> 0
A44: METAL STANDART BRACKET FLAT 200 LÜK | B44: Console 200 | C44: RAL 7021 | D44: 0.66128526 | F44: =12*F3 -> 0 | H44: =14*H3 -> 0 | O44: =SUM(E44:J44) -> 0 | P44: =D44*O44 -> 0
A45: METAL STANDART BRACKET FLAT 300 LÜK | B45: Console 300 | D45: 0.73 | E45: =12*E3 -> 0 | G45: =14*G3 -> 0 | J45: =16*J3 -> 0 | O45: =SUM(E45:J45) -> 0 | P45: =D45*O45 -> 0
A46: METAL STANDART BRACKET FLAT 400 LÜK | B46: Console 400 | D46: 0.73 | I46: =16*I3 -> 0 | O46: =SUM(E46:J46) -> 0 | P46: =D46*O46 -> 0
A47: SLIDING METAL PLINTH PLAIN 700 | B47: Plinthe extensible | D47: 1.862 | E47: =1*E3 -> 0 | F47: =1*F3 -> 0 | G47: =1*G3 -> 0 | H47: =1*H3 -> 0 | I47: =1*I3 -> 0 | J47: =1*J3 -> 0 | O47: =SUM(E47:J47) -> 0 | P47: =D47*O47 -> 0
A48: METAL PLINTH PLAIN 500 | B48: Plinthe 500 | D48: 0.966 | O48: =SUM(E48:J48) -> 0 | P48: =D48*O48 -> 0
A49: METAL PLINTH PLAIN 700 | B49: Plinthe 700 | D49: 0.83 | O49: =SUM(E49:J49) -> 0 | P49: =D49*O49 -> 0
A50: PROFILE 30x60 H:2200 | B50: Montant 2200 | D50: 10.4972 | O50: =SUM(E50:J50) -> 0 | P50: =D50*O50 -> 0
A51: PROFILE 30x60 H:1800 | B51: Montant 1800 | D51: 8.6296 | I51: =2*I3 -> 0 | J51: =2*J3 -> 0 | O51: =SUM(E51:J51) -> 0 | P51: =D51*O51 -> 0
A52: PROFILE 30x60 H:1600 | B52: Montant 1600 | D52: 6.78 | G52: =2*G3 -> 0 | H52: =2*H3 -> 0 | O52: =SUM(E52:J52) -> 0 | P52: =D52*O52 -> 0
A53: PROFILE 30x60 H:1400 | B53: Montant 1400 | D53: 6.78 | E53: =2*E3 -> 0 | F53: =2*F3 -> 0 | O53: =SUM(E53:J53) -> 0 | P53: =D53*O53 -> 0
A54: FOOT D:200 | B54: Pied 200 | D54: 2.66616 | F54: =2*F3 -> 0 | H54: =2*H3 -> 0 | O54: =SUM(E54:J54) -> 0 | P54: =D54*O54 -> 0
A55: FOOT D:300 | B55: Pied 300 | D55: 3.43896 | E55: =2*E3 -> 0 | G55: =2*G3 -> 0 | J55: =2*J3 -> 0 | O55: =SUM(E55:J55) -> 0 | P55: =D55*O55 -> 0
A56: FOOT D:400 | B56: Pied 400 | D56: 3.43896 | I56: =2*I3 -> 0 | O56: =SUM(E56:J56) -> 0 | P56: =D56*O56 -> 0
A57: Adjuster Clip 30*30 - 30*60 - 30*80 *Zinc* | B57: Clip de réglage | D57: 0.15512465 | E57: =2*E3 -> 0 | F57: =2*F3 -> 0 | G57: =2*G3 -> 0 | H57: =2*H3 -> 0 | I57: =2*I3 -> 0 | J57: =2*J3 -> 0 | O57: =SUM(E57:J57) -> 0 | P57: =D57*O57 -> 0
A58: Set Screw Ø30 M10*60 (Td-K8,8) *Zinc* | B58: vis de réglage M10*50 | D58: 0.27922438 | E58: =2*E3 -> 0 | F58: =2*F3 -> 0 | G58: =2*G3 -> 0 | H58: =2*H3 -> 0 | I58: =2*I3 -> 0 | J58: =2*J3 -> 0 | O58: =SUM(E58:J58) -> 0 | P58: =D58*O58 -> 0
A59: Bolt Imbus M10*50 (Bb-Td-Iso7380-K8,8) *Zinc* | B59: Boulon imbus M10*50 | D59: 0.12409972 | E59: =2*E3 -> 0 | F59: =2*F3 -> 0 | G59: =2*G3 -> 0 | H59: =2*H3 -> 0 | I59: =2*I3 -> 0 | J59: =2*J3 -> 0 | O59: =SUM(E59:J59) -> 0 | P59: =D59*O59 -> 0
A60: Nut with Fiber M10 (Ak-Dın985-K6,8) *Zinc* | B60: Ecrou avec fibre M10 | D60: 0.031024931 | E60: =2*E3 -> 0 | F60: =2*F3 -> 0 | G60: =2*G3 -> 0 | H60: =2*H3 -> 0 | I60: =2*I3 -> 0 | J60: =2*J3 -> 0 | O60: =SUM(E60:J60) -> 0 | P60: =D60*O60 -> 0
A61: CARRIER BAR 15X30 D:35 L:700 | B61: barre de charge 700 | D61: 3.49 | O61: =SUM(E61:J61) -> 0 | P61: =D61*O61 -> 0
A62: ADVERTISING CANOPY ON THE UNIT H:100 L:500 | B62: Capot Pub 500 | C62: 4 PCS SCREWS WILL BE ADDED TO EACH PIECE TO FIX THE BACK PANEL 4 vis devront être ajoutée pour une fixation sur les fonds | D62: 4.85 | O62: =SUM(E62:J62) -> 0 | P62: =D62*O62 -> 0
A63: ADVERTISING CANOPY ON THE UNIT H:100 L:700 | B63: Capot pub 700 | C63: 4 PCS SCREWS WILL BE ADDED TO EACH PIECE TO FIX THE BACK PANEL 4 vis devront être ajoutée pour une fixation sur les fonds | D63: 6.8 | O63: =SUM(E63:J63) -> 0 | P63: =D63*O63 -> 0
A64: APPARATUS FOR THE UNIT FIXING TO THE FLOOR | B64: Fixations pour le sol | D64: 1.14 | E64: =2*E3 -> 0 | F64: =2*F3 -> 0 | G64: =2*G3 -> 0 | H64: =2*H3 -> 0 | J64: =2*J3 -> 0 | O64: =SUM(E64:J64) -> 0 | P64: =D64*O64 -> 0
A65: METAL FRONT WIRE H:50 L:700 | B65: Butée frontale métal 700 x 50 | D65: 1.22 | O65: =SUM(E65:J65) -> 0 | P65: =D65*O65 -> 0
A66: STANDARD 700 INTERCONNECTION | B66: BARRE DE MAINTIEN 700 | D66: 2.15 | O66: =SUM(E66:J66) -> 0 | P66: =D66*O66 -> 0
A67: PROFILE SHEET SIDE CLOSING RIGHT H:2200 D:60 | B67: Cache montant droit 2200 | D67: 5.558 | O67: =SUM(E67:J67) -> 0 | P67: =D67*O67 -> 0
A68: PROFILE SHEET SIDE CLOSING LEFT H:2200 D:60 | B68: cache montant gauche 2200 | D68: 5.558 | O68: =SUM(E68:J68) -> 0 | P68: =D68*O68 -> 0
A69: PROFILE SHEET SIDE CLOSING RIGHT H:1800 D:60 | B69: Cache montant droit 1800 | D69: 5.558 | I69: =1*I3 -> 0 | J69: =1*J3 -> 0 | O69: =SUM(E69:J69) -> 0 | P69: =D69*O69 -> 0
A70: PROFILE SHEET SIDE CLOSING LEFT H:1800 D:60 | B70: cache montant gauche 1800 | D70: 5.558 | I70: =1*I3 -> 0 | J70: =1*J3 -> 0 | O70: =SUM(E70:J70) -> 0 | P70: =D70*O70 -> 0
A71: PROFILE SHEET SIDE CLOSING RIGHT H:1600 D:60 | B71: Cache montant droit 1600 | D71: 5.558 | G71: =1*G3 -> 0 | H71: =1*H3 -> 0 | O71: =SUM(E71:J71) -> 0 | P71: =D71*O71 -> 0
A72: PROFILE SHEET SIDE CLOSING LEFT H:1600 D:60 | B72: cache montant gauche 1600 | D72: 5.558 | G72: =1*G3 -> 0 | H72: =1*H3 -> 0 | O72: =SUM(E72:J72) -> 0 | P72: =D72*O72 -> 0
A73: PROFILE SHEET SIDE CLOSING RIGHT H:1400 D:60 | B73: Cache montant droit 1400 | D73: 3.388 | E73: =1*E3 -> 0 | F73: =1*F3 -> 0 | O73: =SUM(E73:J73) -> 0 | P73: =D73*O73 -> 0
A74: PROFILE SHEET SIDE CLOSING LEFT H:1400 D:60 | B74: Cache montant gauche 1400 | D74: 3.388 | E74: =1*E3 -> 0 | F74: =1*F3 -> 0 | O74: =SUM(E74:J74) -> 0 | P74: =D74*O74 -> 0
A75: SHEET GONDOLA CAP ON UNIT L:700 D:60 | B75: capot 700 | D75: 2.128 | O75: =SUM(E75:J75) -> 0 | P75: =D75*O75 -> 0
A76: SHEET SLIDING GONDOLA CAP ON UNIT L:700 D:60 | B76: capot extensible | D76: 2.702 | E76: =1*E3 -> 0 | F76: =1*F3 -> 0 | G76: =1*G3 -> 0 | H76: =1*H3 -> 0 | I76: =1*I3 -> 0 | J76: =1*J3 -> 0 | O76: =SUM(E76:J76) -> 0 | P76: =D76*O76 -> 0
A77: SHEET GONDOLA CAP FOR FOOT RIGHT D:200 | B77: cache pied droit 200 | D77: 0.686 | F77: =1*F3 -> 0 | H77: =1*H3 -> 0 | O77: =SUM(E77:J77) -> 0 | P77: =D77*O77 -> 0
A78: SHEET GONDOLA CAP FOR FOOT LEFT D:200 | B78: cache pied gauche 200 | D78: 0.686 | F78: =1*F3 -> 0 | H78: =1*H3 -> 0 | O78: =SUM(E78:J78) -> 0 | P78: =D78*O78 -> 0
A79: SHEET GONDOLA CAP FOR FOOT RIGHT D:300 | B79: cache pied droit 300 | D79: 0.98 | E79: =1*E3 -> 0 | G79: =1*G3 -> 0 | J79: =1*J3 -> 0 | O79: =SUM(E79:J79) -> 0 | P79: =D79*O79 -> 0
A80: SHEET GONDOLA CAP FOR FOOT LEFT D:300 | B80: Cache pied gauche 300 | D80: 0.98 | E80: =1*E3 -> 0 | G80: =1*G3 -> 0 | J80: =1*J3 -> 0 | O80: =SUM(E80:J80) -> 0 | P80: =D80*O80 -> 0
A81: SHEET GONDOLA CAP FOR FOOT RIGHT D:400 | B81: cache pied droit 400 | D81: 0.98 | I81: =1*I3 -> 0 | O81: =SUM(E81:J81) -> 0 | P81: =D81*O81 -> 0
A82: SHEET GONDOLA CAP FOR FOOT LEFT D:400 | B82: Cache pied gauche 400 | D82: 0.98 | I82: =1*I3 -> 0 | O82: =SUM(E82:J82) -> 0 | P82: =D82*O82 -> 0
A83: MIDDLE COUNTER DESK-PERFORATED BACK PANEL AND ACCESSORIES LxWxH: 53x5x90 | B83: PANNEAU INTERCOMPTOIR PERFORÉ | D83: 19.138 | O83: =SUM(E83:J83) -> 0 | P83: =D83*O83 -> 0
A84: MIDDLE COUNTER DESK 30MM LACQUER WHITE MDF, BODY-DRAWERS 18MM LACQUER WHITE MDF, FRONT FACE 30MM SONOMA, TELESCOPIC RAIL DRAWERS, GxDxY: 53x60x107 (DOUBLE SIDED CABLE HOLE OPENING, THERMICOUS CABLE | B84: INTERCOMPTOIR | C84: SCREW AND SCREW CLOSER TAPE WILL BE GIVEN TO BIND THE COUNTER DESKS. | D84: 160.23 | O84: =SUM(E84:J84) -> 0 | P84: =D84*O84 -> 0
A85: MIDDLE COUNTER DESK RIHGT MODULE 30MM LACQUER WHITE MDF, BODY-DRAWERS 18MM LACQUER WHITE MDF, FRONT FACE 30MM SONOMA, TELESCOPIC RAIL DRAWERS, GxDxY:60x68x100 (BENCH EDGE BAND SONOMA) | B85: COMPTOIR DROIT | C85: SCREW AND SCREW CLOSER TAPE WILL BE GIVEN TO BIND THE COUNTER DESKS. | D85: 207.942 | O85: =SUM(E85:J85) -> 0 | P85: =D85*O85 -> 0
A86: MIDDLE COUNTER DESK LEFT MODULE 30MM LACQUER WHITE MDF, BODY-DRAWERS 18MM LACQUER WHITE MDF, FRONT FACE 30MM SONOMA, TELESCOPIC RAIL DRAWERS, GxDxY:60x68x100 (BENCH EDGE BAND SONOMA) | B86: COMPTOIR GAUCHE | C86: SCREW AND SCREW CLOSER TAPE WILL BE GIVEN TO BIND THE COUNTER DESKS. | D86: 207.942 | O86: =SUM(E86:J86) -> 0 | P86: =D86*O86 -> 0
A87: SINGLE WIRE HOOK FOR CARRIER BAR WITH LABELED (C.B. 15x30, Ø6- 300) L:200 | B87: BROCHE SIMPLE POUR BARRE DE CHARGE AVEC PORTE ÉTIQUETTE L 200 | D87: 0.75 | O87: =SUM(E87:J87) -> 0 | P87: =D87*O87 -> 0
A88: SINGLE WIRE HOOK FOR CARRIER BAR WITH LABELED (C.B. 15x30, Ø6- 300) L:300 | B88: BROCHE SIMPLE POUR BARRE DE CHARGE AVEC PORTE ÉTIQUETTE L 300 | D88: 0.75 | O88: =SUM(E88:J88) -> 0 | P88: =D88*O88 -> 0
A89: SINGLE WIRE HOOK FOR CARRIER BAR WITH LABELED (C.B. 15x30, Ø6- 300) L:400 | B89: BROCHE SIMPLE POUR BARRE DE CHARGE AVEC PORTE ÉTIQUETTE L 400 | D89: 0.75 | O89: =SUM(E89:J89) -> 0 | P89: =D89*O89 -> 0
A90: WIRE HOCK/PERFORATED PANET WITH TICKET RAIL L 200 | B90: BROCHE POUR PANNEAU PERFORÉ AVEC PORTE ÉTIQUETTE L 200 | D90: 0.75 | O90: =SUM(E90:J90) -> 0 | P90: =D90*O90 -> 0
O92: TOTAL | P92: =SUM(P4:P90) -> 0

Sheet BACS SOLDEURS
A1: Désignation produit en anglais | B1: Désignation produit en francais | C1: remarques | D1: Prix d'achat unitaire HT | E1: BAC SOLDEUR 700 X 400 | F1: BAC SOLDEUR 700 X 300 | G1: BAC SOLDEUR 700 X 200 | H1: BAC SOLDEUR 500 X 400 | I1: BAC SOLDEUR 500 X 300 | J1: BAC SOLDEUR 500 X 200
D3: QUANTITÉ | E3: 0 | F3: 0 | G3: 0 | H3: 0 | I3: 0 | J3: 0 | O3: TOTAL | P3: PRIX
A4: BACK PANEL 400X500 | B4: Fond 400 x 500 | D4: 3.20712 | O4: =SUM(E4:J4) -> 0 | P4: =D4*O4 -> 0
A5: BACK PANEL 500X500 | B5: fond 500 x 500 | D5: 4.10872 | O5: =SUM(E5:J5) -> 0 | P5: =D5*O5 -> 0
A6: BACK PANEL 400X700 | B6: Fond 400 x 700 | D6: 3.47 | O6: =SUM(E6:J6) -> 0 | P6: =D6*O6 -> 0
A7: BACK PANEL 500X700 | B7: fond 500 x 700 | D7: 4.27 | O7: =SUM(E7:J7) -> 0 | P7: =D7*O7 -> 0
A8: SLIDING BACK PANEL 400X700 | B8: fond extensible 400 | D8: 6.23 | O8: =SUM(E8:J8) -> 0 | P8: =D8*O8 -> 0
A9: SLIDING BACK PANEL 500X700 | B9: Fond extensible 500 | D9: 7.658 | O9: =SUM(E9:J9) -> 0 | P9: =D9*O9 -> 0
A10: SHELF MONOBLOCK (WITHOUT C LABELS) 200X500 | B10: Tablette 200 x 500 | C10: SEPERATOR WITHOUT HOLES - FLAT separateur sans trou | D10: 2.4472 | O10: =SUM(E10:J10) -> 0 | P10: =D10*O10 -> 0
A11: SHELF MONOBLOCK (WITHOUT C LABELS) 200X700 | B11: Tablette 200 x 700 | C11: SEPERATOR WITHOUT HOLES - FLAT separateur sans trou | D11: 3.38744 | O11: =SUM(E11:J11) -> 0 | P11: =D11*O11 -> 0
A12: SHELF MONOBLOCK (WITHOUT C LABELS) 200X700 | B12: Tablette 200 x 700 pour bacs soldeurs | C12: GLASS SEPERATOR PERFORATED perforation pour separateur verre | D12: 3.38744 | G12: =1*G3 -> 0 | O12: =SUM(E12:J12) -> 0 | P12: =D12*O12 -> 0
A13: SHELF MONOBLOCK (WITHOUT C LABELS) 300X700 | B13: Tabette 300 x 700 pour bacs soldeurs | C13: GLASS SEPERATOR PERFORATED perforation pour separateur verre | D13: 4.0572 | F13: =1*F3 -> 0 | O13: =SUM(E13:J13) -> 0 | P13: =D13*O13 -> 0
A14: SHELF MONOBLOCK (WITHOUT C LABELS) 400 X 700 | B14: Tabette 400 x 700 pour bacs soldeurs | C14: GLASS SEPERATOR PERFORATED perforation pour separateur verre | D14: 4.0572 | E14: =1*E3 -> 0 | O14: =SUM(E14:J14) -> 0 | P14: =D14*O14 -> 0
A15: SHELF MONOBLOCK (WITHOUT C LABELS) 200 X 500 | B15: Tabette 200 x 500 pour bacs soldeurs | C15: GLASS SEPERATOR PERFORATED perforation pour separateur verre | D15: 4.0572 | J15: =1*J3 -> 0 | O15: =SUM(E15:J15) -> 0 | P15: =D15*O15 -> 0
A16: SHELF MONOBLOCK (WITHOUT C LABELS) 300 X 500 | B16: Tabette 300 x 500 pour bacs soldeurs | C16: GLASS SEPERATOR PERFORATED perforation pour separateur verre | D16: 4.0572 | I16: =1*I3 -> 0 | O16: =SUM(E16:J16) -> 0 | P16: =D16*O16 -> 0
A17: SHELF MONOBLOCK (WITHOUT C LABELS) 400 X 500 | B17: Tabette 400 x 500 pour bacs soldeurs | C17: GLASS SEPERATOR PERFORATED perforation pour separateur verre | D17: 4.0572 | H17: =1*H3 -> 0 | O17: =SUM(E17:J17) -> 0 | P17: =D17*O17 -> 0
A18: SHELF MONOBLOCK (WITHOUT C LABELS) 300X500 | B18: Tabette 300 x 500 sans trou | C18: SEPERATOR WITHOUT HOLES - FLAT separateur sans trou | D18: 4.0572 | O18: =SUM(E18:J18) -> 0 | P18: =D18*O18 -> 0
A19: SHELF MONOBLOCK (WITHOUT C LABELS) 400X500 | B19: Tabette 400 x 500 sans trou | C19: SEPERATOR WITHOUT HOLES - FLAT separateur sans trou | D19: 4.0572 | O19: =SUM(E19:J19) -> 0 | P19: =D19*O19 -> 0
A20: SHELF MONOBLOCK (WITHOUT C LABELS) 300X700 | B20: Tabette 300 x 700 sans trou | C20: SEPERATOR WITHOUT HOLES - FLAT separateur sans trou | D20: 4.0572 | O20: =SUM(E20:J20) -> 0 | P20: =D20*O20 -> 0
A21: PERFORATED SHELF MONOBLOCK (WITHOUT C LABELS) 400X700 | B21: Tablette 400 x 700 sans trou | C21: SEPERATOR WITHOUT HOLES - FLAT separateur sans trou | D21: 5.3 | O21: =SUM(E21:J21) -> 0 | P21: =D21*O21 -> 0
A22: PERFORATED SHELF MONOBLOCK (WITHOUT C LABELS) 300X700 | B22: Tablette 300 x 700 perforée | C22: STANDART PERFORATED SHELF Tablette standard perforée | D22: 5.30656 | O22: =SUM(E22:J22) -> 0 | P22: =D22*O22 -> 0
A23: PERFORATED SHELF MONOBLOCK (WITHOUT C LABELS) 400X700 | B23: TABLETTE PERFORÉE (SANS PORTE ETIQUETTE) 400 X 700 | C23: STANDART PERFORATED SHELF Tablette standard perforée | D23: 5.30656 | O23: =SUM(E23:J23) -> 0 | P23: =D23*O23 -> 0
A24: GLASS SEPERATOR APPARATUS-CORNER | B24: SEPARATEUR VERRE D'ANGLE | D24: 0.24 | E24: =2*E3 -> 0 | F24: =2*F3 -> 0 | G24: =2*G3 -> 0 | H24: =2*H3 -> 0 | I24: =2*I3 -> 0 | J24: =2*J3 -> 0 | O24: =SUM(E24:J24) -> 0 | P24: =D24*O24 -> 0
A25: GLASS SEPERATOR APPARATUS-FLAT | B25: SEPARATEUR VERRE PLAT | D25: 0.17 | E25: =6*E3 -> 0 | F25: =6*F3 -> 0 | G25: =6*G3 -> 0 | H25: =6*H3 -> 0 | I25: =6*I3 -> 0 | J25: =6*J3 -> 0 | O25: =SUM(E25:J25) -> 0 | P25: =D25*O25 -> 0
A26: SIDE GLASS SEPERATOR 200X180 , 6MM TEMPERED GLASS | B26: VERRE LATÉRAL VERRE TREMPÉ 6MM 200 X 180 | D26: 7.2 | G26: =4*G3 -> 0 | J26: =4*J3 -> 0 | O26: =SUM(E26:J26) -> 0 | P26: =D26*O26 -> 0
A27: SIDE GLASS SEPERATOR 300X180 , 6MM TEMPERED GLASS | B27: VERRE LATÉRAL VERRE TREMPÉ 6MM 300 X 180 | D27: 7.2 | F27: =4*F3 -> 0 | I27: =4*I3 -> 0 | O27: =SUM(E27:J27) -> 0 | P27: =D27*O27 -> 0
A28: SIDE GLASS SEPERATOR 400X180 , 6MM TEMPERED GLASS | B28: VERRE LATÉRAL VERRE TREMPÉ 6MM 400 X 180 | D28: 7.2 | E28: =4*E3 -> 0 | H28: =4*H3 -> 0 | O28: =SUM(E28:J28) -> 0 | P28: =D28*O28 -> 0
A29: FRONT WINDOW SEPERATOR L:700 H:100, 6MM TEMPERED GLASS | B29: VERRE FRONTAL VERRE TREMPÉ 6 MM 700 X 100 | D29: 7.2 | E29: =1*E3 -> 0 | F29: =1*F3 -> 0 | G29: =1*G3 -> 0 | O29: =SUM(E29:J29) -> 0 | P29: =D29*O29 -> 0
A30: FRONT WINDOW SEPERATOR L:500 H:100, 6MM TEMPERED GLASS | B30: VERRE FRONTAL VERRE TREMPÉ 6 MM 500 X 100 | D30: 7.2 | H30: =1*H3 -> 0 | I30: =1*I3 -> 0 | J30: =1*J3 -> 0 | O30: =SUM(E30:J30) -> 0 | P30: =D30*O30 -> 0
A31: FRONT WINDOW SEPERATOR L:500 H:100, 6MM TEMPERED GLASS | B31: VERRE FRONTAL VERRE TREMPÉ 6 MM 500 X 100 | D31: 7.2 | O31: =SUM(E31:J31) -> 0 | P31: =D31*O31 -> 0
A32: GLASS SHELF (6mm TEMPERED) 200X500 | B32: Tablette verre 200 x 500 | C32: FOR THE MIDDLE COUNTER DESK pour inter comptoir | D32: 8.792 | O32: =SUM(E32:J32) -> 0 | P32: =D32*O32 -> 0
A33: GLASS SHELF (6mm TEMPERED) 200X500 | B33: Tablettes verres 200 X 500 | C33: FOR THE WALL UNIT Pour les linéaires muraux | D33: 8.792 | O33: =SUM(E33:J33) -> 0 | P33: =D33*O33 -> 0
A34: GLASS SHELF (6mm TEMPERED) 200X700 | B34: Tablettes verres 200 X 700 | C34: FOR THE WALL UNIT Pour les linéaires muraux | D34: 9.618 | O34: =SUM(E34:J34) -> 0 | P34: =D34*O34 -> 0
A35: GLASS SHELF (6mm TEMPERED) 300X500 | B35: Tablettes verres 300 X 500 | C35: FOR THE WALL UNIT Pour les linéaires muraux | D35: 9.618 | O35: =SUM(E35:J35) -> 0 | P35: =D35*O35 -> 0
A36: GLASS SHELF (6mm TEMPERED) 300X700 | B36: Tablettes verres 300 X 700 | C36: FOR THE WALL UNIT Pour les linéaires muraux | D36: 9.618 | O36: =SUM(E36:J36) -> 0 | P36: =D36*O36 -> 0
A37: SLIDING SHELF (WITHOUT HOLES) 200X700 | B37: Tablettes extensibles sans trou 300 X 700 | C37: RAL 7201 | D37: 6.622 | O37: =SUM(E37:J37) -> 0 | P37: =D37*O37 -> 0
A38: SLIDING SHELF (WITHOUT HOLES) 300X700 | B38: Tablettes extensibles sans trou 300 X 700 | C38: RAL 7201 | D38: 6.622 | O38: =SUM(E38:J38) -> 0 | P38: =D38*O38 -> 0
A39: SLIDING SHELF (WITHOUT HOLES) 400X700 | B39: Tablettes extensibles sans trou 400 X 700 | C39: RAL 9003 | D39: 8.652 | O39: =SUM(E39:J39) -> 0 | P39: =D39*O39 -> 0
A40: GLASS SHELF CONSOLE 200X700 | B40: Console tablettes verre 200 X 700 | C40: RAL 7201 | D40: 7.22 | O40: =SUM(E40:J40) -> 0 | P40: =D40*O40 -> 0
A41: GLASS SHELF CONSOLE (ONE PIECE) 200X500 | B41: Console tablettes verre 200 X 500 | C41: RAL 7201 | D41: 5.16 | O41: =SUM(E41:J41) -> 0 | P41: =D41*O41 -> 0
A42: GLASS SHELF CONSOLE 300X500 | B42: Console verre 300 x 500 | C42: RAL 7201 | D42: 7.22 | O42: =SUM(E42:J42) -> 0 | P42: =D42*O42 -> 0
A43: GLASS SHELF CONSOLE 300X700 | B43: Console verre 300 x 700 | C43: RAL 7201 | D43: 7.22 | O43: =SUM(E43:J43) -> 0 | P43: =D43*O43 -> 0
A44: METAL STANDART BRACKET FLAT 200 LÜK | B44: Console 200 | C44: RAL 7021 | D44: 0.66128526 | O44: =SUM(E44:J44) -> 0 | P44: =D44*O44 -> 0
A45: METAL STANDART BRACKET FLAT 300 LÜK | B45: Console 300 | D45: 0.73 | O45: =SUM(E45:J45) -> 0 | P45: =D45*O45 -> 0
A46: METAL STANDART BRACKET FLAT 400 LÜK | B46: Console 400 | D46: 0.73 | O46: =SUM(E46:J46) -> 0 | P46: =D46*O46 -> 0
A47: SLIDING METAL PLINTH PLAIN 700 | B47: Plinthe extensible | D47: 1.862 | O47: =SUM(E47:J47) -> 0 | P47: =D47*O47 -> 0
A48: METAL PLINTH PLAIN 500 | B48: Plinthe 500 | D48: 0.966 | O48: =SUM(E48:J48) -> 0 | P48: =D48*O48 -> 0
A49: METAL PLINTH PLAIN 700 | B49: Plinthe 700 | D49: 0.83 | O49: =SUM(E49:J49) -> 0 | P49: =D49*O49 -> 0
A50: PROFILE 30x60 H:2200 | B50: Montant 2200 | D50: 10.4972 | O50: =SUM(E50:J50) -> 0 | P50: =D50*O50 -> 0
A51: PROFILE 30x60 H:1800 | B51: Montant 1800 | D51: 8.6296 | O51: =SUM(E51:J51) -> 0 | P51: =D51*O51 -> 0
A52: PROFILE 30x60 H:1600 | B52: Montant 1600 | D52: 6.78 | O52: =SUM(E52:J52) -> 0 | P52: =D52*O52 -> 0
A53: PROFILE 30x60 H:1400 | B53: Montant 1400 | D53: 6.78 | O53: =SUM(E53:J53) -> 0 | P53: =D53*O53 -> 0
A54: FOOT D:200 | B54: Pied 200 | D54: 2.66616 | O54: =SUM(E54:J54) -> 0 | P54: =D54*O54 -> 0
A55: FOOT D:300 | B55: Pied 300 | D55: 3.43896 | O55: =SUM(E55:J55) -> 0 | P55: =D55*O55 -> 0
A56: FOOT D:400 | B56: Pied 400 | D56: 3.43896 | O56: =SUM(E56:J56) -> 0 | P56: =D56*O56 -> 0
... A61: CARRIER BAR 15X30 D:35 L:700 | B61: barre de charge 700 | D61: 3.49 | O61: =SUM(E61:J61) -> 0 | P61: =D61*O61 -> 0
A62: ADVERTISING CANOPY ON THE UNIT H:100 L:500 | B62: Capot Pub 500 | C62: 4 PCS SCREWS WILL BE ADDED TO EACH PIECE TO FIX THE BACK PANEL 4 vis devront être ajoutée pour une fixation sur les fonds | D62: 4.85 | O62: =SUM(E62:J62) -> 0 | P62: =D62*O62 -> 0
A63: ADVERTISING CANOPY ON THE UNIT H:100 L:700 | B63: Capot pub 700 | C63: 4 PCS SCREWS WILL BE ADDED TO EACH PIECE TO FIX THE BACK PANEL 4 vis devront être ajoutée pour une fixation sur les fonds | D63: 6.8 | O63: =SUM(E63:J63) -> 0 | P63: =D63*O63 -> 0
A64: APPARATUS FOR THE UNIT FIXING TO THE FLOOR | B64: Fixations pour le sol | D64: 1.14 | O64: =SUM(E64:J64) -> 0 | P64: =D64*O64 -> 0
A65: METAL FRONT WIRE H:50 L:700 | B65: Butée frontale métal 700 x 50 | D65: 1.22 | O65: =SUM(E65:J65) -> 0 | P65: =D65*O65 -> 0
A66: STANDARD 700 INTERCONNECTION | B66: BARRE DE MAINTIEN 700 | D66: 2.15 | O66: =SUM(E66:J66) -> 0 | P66: =D66*O66 -> 0
A67: PROFILE SHEET SIDE CLOSING RIGHT H:2200 D:60 | B67: Cache montant droit 2200 | D67: 5.558 | O67: =SUM(E67:J67) -> 0 | P67: =D67*O67 -> 0
A68: PROFILE SHEET SIDE CLOSING LEFT H:2200 D:60 | B68: cache montant gauche 2200 | D68: 5.558 | O68: =SUM(E68:J68) -> 0 | P68: =D68*O68 -> 0
A69: PROFILE SHEET SIDE CLOSING RIGHT H:1800 D:60 | B69: Cache montant droit 1800 | D69: 5.558 | O69: =SUM(E69:J69) -> 0 | P69: =D69*O69 -> 0
A70: PROFILE SHEET SIDE CLOSING LEFT H:1800 D:60 | B70: cache montant gauche 1800 | D70: 5.558 | O70: =SUM(E70:J70) -> 0 | P70: =D70*O70 -> 0
A71: PROFILE SHEET SIDE CLOSING RIGHT H:1600 D:60 | B71: Cache montant droit 1600 | D71: 5.558 | O71: =SUM(E71:J71) -> 0 | P71: =D71*O71 -> 0
A72: PROFILE SHEET SIDE CLOSING LEFT H:1600 D:60 | B72: cache montant gauche 1600 | D72: 5.558 | O72: =SUM(E72:J72) -> 0 | P72: =D72*O72 -> 0
A73: PROFILE SHEET SIDE CLOSING RIGHT H:1400 D:60 | B73: Cache montant droit 1400 | D73: 3.388 | O73: =SUM(E73:J73) -> 0 | P73: =D73*O73 -> 0
A74: PROFILE SHEET SIDE CLOSING LEFT H:1400 D:60 | B74: Cache montant gauche 1400 | D74: 3.388 | O74: =SUM(E74:J74) -> 0 | P74: =D74*O74 -> 0
A75: SHEET GONDOLA CAP ON UNIT L:700 D:60 | B75: capot 700 | D75: 2.128 | O75: =SUM(E75:J75) -> 0 | P75: =D75*O75 -> 0
... A83: MIDDLE COUNTER DESK-PERFORATED BACK PANEL AND ACCESSORIES LxWxH: 53x5x90 | B83: PANNEAU INTERCOMPTOIR PERFORÉ | D83: 19.138 | O83: =SUM(E83:J83) -> 0 | P83: =D83*O83 -> 0
A84: MIDDLE COUNTER DESK 30MM LACQUER WHITE MDF, BODY-DRAWERS 18MM LACQUER WHITE MDF, FRONT FACE 30MM SONOMA, TELESCOPIC RAIL DRAWERS, GxDxY: 53x60x107 (DOUBLE SIDED CABLE HOLE OPENING, THERMICOUS CABLE | B84: INTERCOMPTOIR | C84: SCREW AND SCREW CLOSER TAPE WILL BE GIVEN TO BIND THE COUNTER DESKS. | D84: 160.23 | O84: =SUM(E84:J84) -> 0 | P84: =D84*O84 -> 0
A85: MIDDLE COUNTER DESK RIHGT MODULE 30MM LACQUER WHITE MDF, BODY-DRAWERS 18MM LACQUER WHITE MDF, FRONT FACE 30MM SONOMA, TELESCOPIC RAIL DRAWERS, GxDxY:60x68x100 (BENCH EDGE BAND SONOMA) | B85: COMPTOIR DROIT | C85: SCREW AND SCREW CLOSER TAPE WILL BE GIVEN TO BIND THE COUNTER DESKS. | D85: 207.942 | O85: =SUM(E85:J85) -> 0 | P85: =D85*O85 -> 0
A86: MIDDLE COUNTER DESK LEFT MODULE 30MM LACQUER WHITE MDF, BODY-DRAWERS 18MM LACQUER WHITE MDF, FRONT FACE 30MM SONOMA, TELESCOPIC RAIL DRAWERS, GxDxY:60x68x100 (BENCH EDGE BAND SONOMA) | B86: COMPTOIR GAUCHE | C86: SCREW AND SCREW CLOSER TAPE WILL BE GIVEN TO BIND THE COUNTER DESKS. | D86: 207.942 | O86: =SUM(E86:J86) -> 0 | P86: =D86*O86 -> 0
A87: SINGLE WIRE HOOK FOR CARRIER BAR WITH LABELED (C.B. 15x30, Ø6- 300) L:200 | B87: BROCHE SIMPLE POUR BARRE DE CHARGE AVEC PORTE ÉTIQUETTE L 200 | D87: 0.75 | O87: =SUM(E87:J87) -> 0 | P87: =D87*O87 -> 0
A88: SINGLE WIRE HOOK FOR CARRIER BAR WITH LABELED (C.B. 15x30, Ø6- 300) L:300 | B88: BROCHE SIMPLE POUR BARRE DE CHARGE AVEC PORTE ÉTIQUETTE L 300 | D88: 0.75 | O88: =SUM(E88:J88) -> 0 | P88: =D88*O88 -> 0
A89: SINGLE WIRE HOOK FOR CARRIER BAR WITH LABELED (C.B. 15x30, Ø6- 300) L:400 | B89: BROCHE SIMPLE POUR BARRE DE CHARGE AVEC PORTE ÉTIQUETTE L 400 | D89: 0.75 | O89: =SUM(E89:J89) -> 0 | P89: =D89*O89 -> 0
A90: WIRE HOCK/PERFORATED PANET WITH TICKET RAIL L 200 | B90: BROCHE POUR PANNEAU PERFORÉ AVEC PORTE ÉTIQUETTE L 200 | D90: 0.75 | O90: =SUM(E90:J90) -> 0 | P90: =D90*O90 -> 0
O92: TOTAL | P92: =SUM(P4:P90) -> 0

Sheet GONDOLE SIMPLE 1400
A1: Désignation produit en anglais | B1: Désignation produit en francais | C1: remarques | D1: Prix d'achat unitaire HT | E1: GONDOLE SIMPLE BASE + 6 1400 X 700 X 300 | F1: SUITE GONDOLE SIMPLE BASE + 6 1400 X 700 X 300 | G1: GONDOLE SIMPLE BASE + 6 1400 X 500 X 300 | H1: GONDOLE SIMPLE BASE + 6 1400 X 700 X 200 | I1: SUITE GONDOLE SIMPLE BASE + 6 1400 X 700 X 200 | J1: GONDOLE SIMPLE BASE + 6 1400 X 500 X 200
D3: QUANTITÉ | E3: 0 | F3: 0 | G3: 0 | H3: 0 | I3: 0 | J3: 0 | O3: TOTAL | P3: PRIX
A4: BACK PANEL 400X500 | B4: Fond 400 x 500 | D4: 3.20712 | G4: =4*G3 -> 0 | J4: =4*J3 -> 0 | O4: =SUM(E4:J4) -> 0 | P4: =D4*O4 -> 0
A5: BACK PANEL 500X500 | B5: fond 500 x 500 | D5: 4.10872 | G5: =2*G3 -> 0 | J5: =2*J3 -> 0 | O5: =SUM(E5:J5) -> 0 | P5: =D5*O5 -> 0
A6: BACK PANEL 400X700 | B6: Fond 400 x 700 | D6: 3.47 | E6: =4*E3 -> 0 | F6: =4*F3 -> 0 | H6: =4*H3 -> 0 | I6: =4*I3 -> 0 | O6: =SUM(E6:J6) -> 0 | P6: =D6*O6 -> 0
A7: BACK PANEL 500X700 | B7: fond 500 x 700 | D7: 4.27 | E7: =2*E3 -> 0 | F7: =2*F3 -> 0 | H7: =2*H3 -> 0 | I7: =2*I3 -> 0 | O7: =SUM(E7:J7) -> 0 | P7: =D7*O7 -> 0
A8: SLIDING BACK PANEL 400X700 | B8: fond extensible 400 | D8: 6.23 | O8: =SUM(E8:J8) -> 0 | P8: =D8*O8 -> 0
A9: SLIDING BACK PANEL 500X700 | B9: Fond extensible 500 | D9: 7.658 | O9: =SUM(E9:J9) -> 0 | P9: =D9*O9 -> 0
A10: SHELF MONOBLOCK (WITHOUT C LABELS) 200X500 | B10: Tablette 200 x 500 | C10: SEPERATOR WITHOUT HOLES - FLAT separateur sans trou | D10: 2.4472 | J10: =7*J3 -> 0 | O10: =SUM(E10:J10) -> 0 | P10: =D10*O10 -> 0
A11: SHELF MONOBLOCK (WITHOUT C LABELS) 200X700 | B11: Tablette 200 x 700 | C11: SEPERATOR WITHOUT HOLES - FLAT separateur sans trou | D11: 3.38744 | H11: =7*H3 -> 0 | I11: =7*I3 -> 0 | O11: =SUM(E11:J11) -> 0 | P11: =D11*O11 -> 0
A12: SHELF MONOBLOCK (WITHOUT C LABELS) 200X700 | B12: Tablette 200 x 700 pour bacs soldeurs | C12: GLASS SEPERATOR PERFORATED perforation pour separateur verre | D12: 3.38744 | O12: =SUM(E12:J12) -> 0 | P12: =D12*O12 -> 0
A13: SHELF MONOBLOCK (WITHOUT C LABELS) 300X700 | B13: Tabette 300 x 700 pour bacs soldeurs | C13: GLASS SEPERATOR PERFORATED perforation pour separateur verre | D13: 4.0572 | O13: =SUM(E13:J13) -> 0 | P13: =D13*O13 -> 0
A14: SHELF MONOBLOCK (WITHOUT C LABELS) 400 X 700 | B14: Tabette 400 x 700 pour bacs soldeurs | C14: GLASS SEPERATOR PERFORATED perforation pour separateur verre | D14: 4.0572 | O14: =SUM(E14:J14) -> 0 | P14: =D14*O14 -> 0
A15: SHELF MONOBLOCK (WITHOUT C LABELS) 200 X 500 | B15: Tabette 200 x 500 pour bacs soldeurs | C15: GLASS SEPERATOR PERFORATED perforation pour separateur verre | D15: 4.0572 | O15: =SUM(E15:J15) -> 0 | P15: =D15*O15 -> 0
A16: SHELF MONOBLOCK (WITHOUT C LABELS) 300 X 500 | B16: Tabette 300 x 500 pour bacs soldeurs | C16: GLASS SEPERATOR PERFORATED perforation pour separateur verre | D16: 4.0572 | O16: =SUM(E16:J16) -> 0 | P16: =D16*O16 -> 0
A17: SHELF MONOBLOCK (WITHOUT C LABELS) 400 X 500 | B17: Tabette 400 x 500 pour bacs soldeurs | C17: GLASS SEPERATOR PERFORATED perforation pour separateur verre | D17: 4.0572 | O17: =SUM(E17:J17) -> 0 | P17: =D17*O17 -> 0
A18: SHELF MONOBLOCK (WITHOUT C LABELS) 300X500 | B18: Tabette 300 x 500 sans trou | C18: SEPERATOR WITHOUT HOLES - FLAT separateur sans trou | D18: 4.0572 | G18: =7*G3 -> 0 | O18: =SUM(E18:J18) -> 0 | P18: =D18*O18 -> 0
A19: SHELF MONOBLOCK (WITHOUT C LABELS) 400X500 | B19: Tabette 400 x 500 sans trou | C19: SEPERATOR WITHOUT HOLES - FLAT separateur sans trou | D19: 4.0572 | O19: =SUM(E19:J19) -> 0 | P19: =D19*O19 -> 0
A20: SHELF MONOBLOCK (WITHOUT C LABELS) 300X700 | B20: Tabette 300 x 700 sans trou | C20: SEPERATOR WITHOUT HOLES - FLAT separateur sans trou | D20: 4.0572 | E20: =7*E3 -> 0 | F20: =7*F3 -> 0 | O20: =SUM(E20:J20) -> 0 | P20: =D20*O20 -> 0
A21: PERFORATED SHELF MONOBLOCK (WITHOUT C LABELS) 400X700 | B21: Tablette 400 x 700 sans trou | C21: SEPERATOR WITHOUT HOLES - FLAT separateur sans trou | D21: 5.3 | O21: =SUM(E21:J21) -> 0 | P21: =D21*O21 -> 0
A22: PERFORATED SHELF MONOBLOCK (WITHOUT C LABELS) 300X700 | B22: Tablette 300 x 700 perforée | C22: STANDART PERFORATED SHELF Tablette standard perforée | D22: 5.30656 | O22: =SUM(E22:J22) -> 0 | P22: =D22*O22 -> 0
A23: PERFORATED SHELF MONOBLOCK (WITHOUT C LABELS) 400X700 | B23: TABLETTE PERFORÉE (SANS PORTE ETIQUETTE) 400 X 700 | C23: STANDART PERFORATED SHELF Tablette standard perforée | D23: 5.30656 | O23: =SUM(E23:J23) -> 0 | P23: =D23*O23 -> 0
A24: GLASS SEPERATOR APPARATUS-CORNER | B24: SEPARATEUR VERRE D'ANGLE | D24: 0.24 | O24: =SUM(E24:J24) -> 0 | P24: =D24*O24 -> 0
A25: GLASS SEPERATOR APPARATUS-FLAT | B25: SEPARATEUR VERRE PLAT | D25: 0.17 | O25: =SUM(E25:J25) -> 0 | P25: =D25*O25 -> 0
A26: SIDE GLASS SEPERATOR 200X180 , 6MM TEMPERED GLASS | B26: VERRE LATÉRAL VERRE TREMPÉ 6MM 200 X 180 | D26: 7.2 | O26: =SUM(E26:J26) -> 0 | P26: =D26*O26 -> 0
A27: SIDE GLASS SEPERATOR 300X180 , 6MM TEMPERED GLASS | B27: VERRE LATÉRAL VERRE TREMPÉ 6MM 300 X 180 | D27: 7.2 | O27: =SUM(E27:J27) -> 0 | P27: =D27*O27 -> 0
A28: SIDE GLASS SEPERATOR 400X180 , 6MM TEMPERED GLASS | B28: VERRE LATÉRAL VERRE TREMPÉ 6MM 400 X 180 | D28: 7.2 | O28: =SUM(E28:J28) -> 0 | P28: =D28*O28 -> 0
A29: FRONT WINDOW SEPERATOR L:700 H:100, 6MM TEMPERED GLASS | B29: VERRE FRONTAL VERRE TREMPÉ 6 MM 700 X 100 | D29: 7.2 | O29: =SUM(E29:J29) -> 0 | P29: =D29*O29 -> 0
A30: FRONT WINDOW SEPERATOR L:500 H:100, 6MM TEMPERED GLASS | B30: VERRE FRONTAL VERRE TREMPÉ 6 MM 500 X 100 | D30: 7.2 | O30: =SUM(E30:J30) -> 0 | P30: =D30*O30 -> 0
A31: FRONT WINDOW SEPERATOR L:500 H:100, 6MM TEMPERED GLASS | B31: VERRE FRONTAL VERRE TREMPÉ 6 MM 500 X 100 | D31: 7.2 | O31: =SUM(E31:J31) -> 0 | P31: =D31*O31 -> 0
A32: GLASS SHELF (6mm TEMPERED) 200X500 | B32: Tablette verre 200 x 500 | C32: FOR THE MIDDLE COUNTER DESK pour inter comptoir | D32: 8.792 | O32: =SUM(E32:J32) -> 0 | P32: =D32*O32 -> 0
A33: GLASS SHELF (6mm TEMPERED) 200X500 | B33: Tablettes verres 200 X 500 | C33: FOR THE WALL UNIT Pour les linéaires muraux | D33: 8.792 | O33: =SUM(E33:J33) -> 0 | P33: =D33*O33 -> 0
A34: GLASS SHELF (6mm TEMPERED) 200X700 | B34: Tablettes verres 200 X 700 | C34: FOR THE WALL UNIT Pour les linéaires muraux | D34: 9.618 | O34: =SUM(E34:J34) -> 0 | P34: =D34*O34 -> 0
A35: GLASS SHELF (6mm TEMPERED) 300X500 | B35: Tablettes verres 300 X 500 | C35: FOR THE WALL UNIT Pour les linéaires muraux | D35: 9.618 | O35: =SUM(E35:J35) -> 0 | P35: =D35*O35 -> 0
A36: GLASS SHELF (6mm TEMPERED) 300X700 | B36: Tablettes verres 300 X 700 | C36: FOR THE WALL UNIT Pour les linéaires muraux | D36: 9.618 | O36: =SUM(E36:J36) -> 0 | P36: =D36*O36 -> 0
A37: SLIDING SHELF (WITHOUT HOLES) 200X700 | B37: Tablettes extensibles sans trou 300 X 700 | C37: RAL 7201 | D37: 6.622 | O37: =SUM(E37:J37) -> 0 | P37: =D37*O37 -> 0
A38: SLIDING SHELF (WITHOUT HOLES) 300X700 | B38: Tablettes extensibles sans trou 300 X 700 | C38: RAL 7201 | D38: 6.622 | O38: =SUM(E38:J38) -> 0 | P38: =D38*O38 -> 0
A39: SLIDING SHELF (WITHOUT HOLES) 400X700 | B39: Tablettes extensibles sans trou 400 X 700 | C39: RAL 9003 | D39: 8.652 | O39: =SUM(E39:J39) -> 0 | P39: =D39*O39 -> 0
A40: GLASS SHELF CONSOLE 200X700 | B40: Console tablettes verre 200 X 700 | C40: RAL 7201 | D40: 7.22 | O40: =SUM(E40:J40) -> 0 | P40: =D40*O40 -> 0
A41: GLASS SHELF CONSOLE (ONE PIECE) 200X500 | B41: Console tablettes verre 200 X 500 | C41: RAL 7201 | D41: 5.16 | O41: =SUM(E41:J41) -> 0 | P41: =D41*O41 -> 0
A42: GLASS SHELF CONSOLE 300X500 | B42: Console verre 300 x 500 | C42: RAL 7201 | D42: 7.22 | O42: =SUM(E42:J42) -> 0 | P42: =D42*O42 -> 0
A43: GLASS SHELF CONSOLE 300X700 | B43: Console verre 300 x 700 | C43: RAL 7201 | D43: 7.22 | O43: =SUM(E43:J43) -> 0 | P43: =D43*O43 -> 0
A44: METAL STANDART BRACKET FLAT 200 LÜK | B44: Console 200 | C44: RAL 7021 | D44: 0.66128526 | H44: =12*H3 -> 0 | I44: =12*I3 -> 0 | J44: =12*J3 -> 0 | O44: =SUM(E44:J44) -> 0 | P44: =D44*O44 -> 0
A45: METAL STANDART BRACKET FLAT 300 LÜK | B45: Console 300 | D45: 0.73 | E45: =12*E3 -> 0 | F45: =12*F3 -> 0 | G45: =12*G3 -> 0 | O45: =SUM(E45:J45) -> 0 | P45: =D45*O45 -> 0
A46: METAL STANDART BRACKET FLAT 400 LÜK | B46: Console 400 | D46: 0.73 | O46: =SUM(E46:J46) -> 0 | P46: =D46*O46 -> 0
A47: SLIDING METAL PLINTH PLAIN 700 | B47: Plinthe extensible | D47: 1.862 | O47: =SUM(E47:J47) -> 0 | P47: =D47*O47 -> 0
A48: METAL PLINTH PLAIN 500 | B48: Plinthe 500 | D48: 0.966 | G48: =1*G3 -> 0 | J48: =1*J3 -> 0 | O48: =SUM(E48:J48) -> 0 | P48: =D48*O48 -> 0
A49: METAL PLINTH PLAIN 700 | B49: Plinthe 700 | D49: 0.83 | E49: =1*E3 -> 0 | F49: =1*F3 -> 0 | H49: =1*H3 -> 0 | I49: =1*I3 -> 0 | O49: =SUM(E49:J49) -> 0 | P49: =D49*O49 -> 0
A50: PROFILE 30x60 H:2200 | B50: Montant 2200 | D50: 10.4972 | O50: =SUM(E50:J50) -> 0 | P50: =D50*O50 -> 0
A51: PROFILE 30x60 H:1800 | B51: Montant 1800 | D51: 8.6296 | O51: =SUM(E51:J51) -> 0 | P51: =D51*O51 -> 0
A52: PROFILE 30x60 H:1600 | B52: Montant 1600 | D52: 6.78 | O52: =SUM(E52:J52) -> 0 | P52: =D52*O52 -> 0
A53: PROFILE 30x60 H:1400 | B53: Montant 1400 | D53: 6.78 | E53: =2*E3 -> 0 | F53: =1*F3 -> 0 | G53: =2*G3 -> 0 | H53: =2*H3 -> 0 | I53: =1*I3 -> 0 | J53: =2*J3 -> 0 | O53: =SUM(E53:J53) -> 0 | P53: =D53*O53 -> 0
A54: FOOT D:200 | B54: Pied 200 | D54: 2.66616 | H54: =2*H3 -> 0 | I54: =1*I3 -> 0 | J54: =2*J3 -> 0 | O54: =SUM(E54:J54) -> 0 | P54: =D54*O54 -> 0
A55: FOOT D:300 | B55: Pied 300 | D55: 3.43896 | E55: =2*E3 -> 0 | F55: =1*F3 -> 0 | G55: =2*G3 -> 0 | O55: =SUM(E55:J55) -> 0 | P55: =D55*O55 -> 0
A56: FOOT D:400 | B56: Pied 400 | D56: 3.43896 | O56: =SUM(E56:J56) -> 0 | P56: =D56*O56 -> 0
A57: Adjuster Clip 30*30 - 30*60 - 30*80 *Zinc* | B57: Clip de réglage | D57: 0.15512465 | E57: =2*E3 -> 0 | F57: =1*F3 -> 0 | G57: =2*G3 -> 0 | H57: =2*H3 -> 0 | I57: =1*I3 -> 0 | J57: =2*J3 -> 0 | O57: =SUM(E57:J57) -> 0 | P57: =D57*O57 -> 0
A58: Set Screw Ø30 M10*60 (Td-K8,8) *Zinc* | B58: vis de réglage M10*50 | D58: 0.27922438 | E58: =2*E3 -> 0 | F58: =1*F3 -> 0 | G58: =2*G3 -> 0 | H58: =2*H3 -> 0 | I58: =1*I3 -> 0 | J58: =2*J3 -> 0 | O58: =SUM(E58:J58) -> 0 | P58: =D58*O58 -> 0
A59: Bolt Imbus M10*50 (Bb-Td-Iso7380-K8,8) *Zinc* | B59: Boulon imbus M10*50 | D59: 0.12409972 | E59: =2*E3 -> 0 | F59: =1*F3 -> 0 | G59: =2*G3 -> 0 | H59: =2*H3 -> 0 | I59: =1*I3 -> 0 | J59: =2*J3 -> 0 | O59: =SUM(E59:J59) -> 0 | P59: =D59*O59 -> 0
A60: Nut with Fiber M10 (Ak-Dın985-K6,8) *Zinc* | B60: Ecrou avec fibre M10 | D60: 0.031024931 | E60: =2*E3 -> 0 | F60: =1*F3 -> 0 | G60: =2*G3 -> 0 | H60: =2*H3 -> 0 | I60: =1*I3 -> 0 | J60: =2*J3 -> 0 | O60: =SUM(E60:J60) -> 0 | P60: =D60*O60 -> 0
A61: CARRIER BAR 15X30 D:35 L:700 | B61: barre de charge 700 | D61: 3.49 | O61: =SUM(E61:J61) -> 0 | P61: =D61*O61 -> 0
A62: ADVERTISING CANOPY ON THE UNIT H:100 L:500 | B62: Capot Pub 500 | C62: 4 PCS SCREWS WILL BE ADDED TO EACH PIECE TO FIX THE BACK PANEL 4 vis devront être ajoutée pour une fixation sur les fonds | D62: 4.85 | G62: =1*G3 -> 0 | J62: =1*J3 -> 0 | O62: =SUM(E62:J62) -> 0 | P62: =D62*O62 -> 0
A63: ADVERTISING CANOPY ON THE UNIT H:100 L:700 | B63: Capot pub 700 | C63: 4 PCS SCREWS WILL BE ADDED TO EACH PIECE TO FIX THE BACK PANEL 4 vis devront être ajoutée pour une fixation sur les fonds | D63: 6.8 | E63: =1*E3 -> 0 | F63: =1*F3 -> 0 | H63: =1*H3 -> 0 | I63: =1*I3 -> 0 | O63: =SUM(E63:J63) -> 0 | P63: =D63*O63 -> 0
A64: APPARATUS FOR THE UNIT FIXING TO THE FLOOR | B64: Fixations pour le sol | D64: 1.14 | E64: =2*E3 -> 0 | F64: =1*F3 -> 0 | G64: =2*G3 -> 0 | H64: =2*H3 -> 0 | I64: =1*I3 -> 0 | J64: =2*J3 -> 0 | O64: =SUM(E64:J64) -> 0 | P64: =D64*O64 -> 0
A65: METAL FRONT WIRE H:50 L:700 | B65: Butée frontale métal 700 x 50 | D65: 1.22 | O65: =SUM(E65:J65) -> 0 | P65: =D65*O65 -> 0
A66: STANDARD 700 INTERCONNECTION | B66: BARRE DE MAINTIEN 700 | D66: 2.15 | O66: =SUM(E66:J66) -> 0 | P66: =D66*O66 -> 0
A67: PROFILE SHEET SIDE CLOSING RIGHT H:2200 D:60 | B67: Cache montant droit 2200 | D67: 5.558 | O67: =SUM(E67:J67) -> 0 | P67: =D67*O67 -> 0
A68: PROFILE SHEET SIDE CLOSING LEFT H:2200 D:60 | B68: cache montant gauche 2200 | D68: 5.558 | O68: =SUM(E68:J68) -> 0 | P68: =D68*O68 -> 0
A69: PROFILE SHEET SIDE CLOSING RIGHT H:1800 D:60 | B69: Cache montant droit 1800 | D69: 5.558 | O69: =SUM(E69:J69) -> 0 | P69: =D69*O69 -> 0
A70: PROFILE SHEET SIDE CLOSING LEFT H:1800 D:60 | B70: cache montant gauche 1800 | D70: 5.558 | O70: =SUM(E70:J70) -> 0 | P70: =D70*O70 -> 0
A71: PROFILE SHEET SIDE CLOSING RIGHT H:1600 D:60 | B71: Cache montant droit 1600 | D71: 5.558 | O71: =SUM(E71:J71) -> 0 | P71: =D71*O71 -> 0
A72: PROFILE SHEET SIDE CLOSING LEFT H:1600 D:60 | B72: cache montant gauche 1600 | D72: 5.558 | O72: =SUM(E72:J72) -> 0 | P72: =D72*O72 -> 0
A73: PROFILE SHEET SIDE CLOSING RIGHT H:1400 D:60 | B73: Cache montant droit 1400 | D73: 3.388 | E73: =1*E3 -> 0 | G73: =1*G3 -> 0 | H73: =1*H3 -> 0 | J73: =1*J3 -> 0 | O73: =SUM(E73:J73) -> 0 | P73: =D73*O73 -> 0
A74: PROFILE SHEET SIDE CLOSING LEFT H:1400 D:60 | B74: Cache montant gauche 1400 | D74: 3.388 | E74: =1*E3 -> 0 | G74: =1*G3 -> 0 | H74: =1*H3 -> 0 | J74: =1*J3 -> 0 | O74: =SUM(E74:J74) -> 0 | P74: =D74*O74 -> 0
A75: SHEET GONDOLA CAP ON UNIT L:700 D:60 | B75: capot 700 | D75: 2.128 | O75: =SUM(E75:J75) -> 0 | P75: =D75*O75 -> 0
A76: SHEET SLIDING GONDOLA CAP ON UNIT L:700 D:60 | B76: capot extensible | D76: 2.702 | O76: =SUM(E76:J76) -> 0 | P76: =D76*O76 -> 0
A77: SHEET GONDOLA CAP FOR FOOT RIGHT D:200 | B77: cache pied droit 200 | D77: 0.686 | H77: =1*H3 -> 0 | J77: =1*J3 -> 0 | O77: =SUM(E77:J77) -> 0 | P77: =D77*O77 -> 0
A78: SHEET GONDOLA CAP FOR FOOT LEFT D:200 | B78: cache pied gauche 200 | D78: 0.686 | H78: =1*H3 -> 0 | J78: =1*J3 -> 0 | O78: =SUM(E78:J78) -> 0 | P78: =D78*O78 -> 0
A79: SHEET GONDOLA CAP FOR FOOT RIGHT D:300 | B79: cache pied droit 300 | D79: 0.98 | E79: =1*E3 -> 0 | G79: =1*G3 -> 0 | O79: =SUM(E79:J79) -> 0 | P79: =D79*O79 -> 0
A80: SHEET GONDOLA CAP FOR FOOT LEFT D:300 | B80: Cache pied gauche 300 | D80: 0.98 | E80: =1*E3 -> 0 | G80: =1*G3 -> 0 | O80: =SUM(E80:J80) -> 0 | P80: =D80*O80 -> 0
A81: SHEET GONDOLA CAP FOR FOOT RIGHT D:400 | B81: cache pied droit 400 | D81: 0.98 | O81: =SUM(E81:J81) -> 0 | P81: =D81*O81 -> 0
A82: SHEET GONDOLA CAP FOR FOOT LEFT D:400 | B82: Cache pied gauche 400 | D82: 0.98 | O82: =SUM(E82:J82) -> 0 | P82: =D82*O82 -> 0
A83: MIDDLE COUNTER DESK-PERFORATED BACK PANEL AND ACCESSORIES LxWxH: 53x5x90 | B83: PANNEAU INTERCOMPTOIR PERFORÉ | D83: 19.138 | O83: =SUM(E83:J83) -> 0 | P83: =D83*O83 -> 0
A84: MIDDLE COUNTER DESK 30MM LACQUER WHITE MDF, BODY-DRAWERS 18MM LACQUER WHITE MDF, FRONT FACE 30MM SONOMA, TELESCOPIC RAIL DRAWERS, GxDxY: 53x60x107 (DOUBLE SIDED CABLE HOLE OPENING, THERMICOUS CABLE | B84: INTERCOMPTOIR | C84: SCREW AND SCREW CLOSER TAPE WILL BE GIVEN TO BIND THE COUNTER DESKS. | D84: 160.23 | O84: =SUM(E84:J84) -> 0 | P84: =D84*O84 -> 0
A85: MIDDLE COUNTER DESK RIHGT MODULE 30MM LACQUER WHITE MDF, BODY-DRAWERS 18MM LACQUER WHITE MDF, FRONT FACE 30MM SONOMA, TELESCOPIC RAIL DRAWERS, GxDxY:60x68x100 (BENCH EDGE BAND SONOMA) | B85: COMPTOIR DROIT | C85: SCREW AND SCREW CLOSER TAPE WILL BE GIVEN TO BIND THE COUNTER DESKS. | D85: 207.942 | O85: =SUM(E85:J85) -> 0 | P85: =D85*O85 -> 0
A86: MIDDLE COUNTER DESK LEFT MODULE 30MM LACQUER WHITE MDF, BODY-DRAWERS 18MM LACQUER WHITE MDF, FRONT FACE 30MM SONOMA, TELESCOPIC RAIL DRAWERS, GxDxY:60x68x100 (BENCH EDGE BAND SONOMA) | B86: COMPTOIR GAUCHE | C86: SCREW AND SCREW CLOSER TAPE WILL BE GIVEN TO BIND THE COUNTER DESKS. | D86: 207.942 | O86: =SUM(E86:J86) -> 0 | P86: =D86*O86 -> 0
A87: SINGLE WIRE HOOK FOR CARRIER BAR WITH LABELED (C.B. 15x30, Ø6- 300) L:200 | B87: BROCHE SIMPLE POUR BARRE DE CHARGE AVEC PORTE ÉTIQUETTE L 200 | D87: 0.75 | O87: =SUM(E87:J87) -> 0 | P87: =D87*O87 -> 0
A88: SINGLE WIRE HOOK FOR CARRIER BAR WITH LABELED (C.B. 15x30, Ø6- 300) L:300 | B88: BROCHE SIMPLE POUR BARRE DE CHARGE AVEC PORTE ÉTIQUETTE L 300 | D88: 0.75 | O88: =SUM(E88:J88) -> 0 | P88: =D88*O88 -> 0
A89: SINGLE WIRE HOOK FOR CARRIER BAR WITH LABELED (C.B. 15x30, Ø6- 300) L:400 | B89: BROCHE SIMPLE POUR BARRE DE CHARGE AVEC PORTE ÉTIQUETTE L 400 | D89: 0.75 | O89: =SUM(E89:J89) -> 0 | P89: =D89*O89 -> 0
A90: WIRE HOCK/PERFORATED PANET WITH TICKET RAIL L 200 | B90: BROCHE POUR PANNEAU PERFORÉ AVEC PORTE ÉTIQUETTE L 200 | D90: 0.75 | O90: =SUM(E90:J90) -> 0 | P90: =D90*O90 -> 0
O92: TOTAL | P92: =SUM(P4:P90) -> 0

Sheet GONDOLE SIMPLE 1600
A1: Désignation produit en anglais | B1: Désignation produit en francais | C1: remarques | D1: Prix d'achat unitaire HT | E1: GONDOLE SIMPLE BASE + 7 1600 X 700 X 300 | F1: SUITE GONDOLE SIMPLE BASE + 7 1600 X 700 X 300 | G1: GONDOLE SIMPLE BASE + 7 1600 X 500 X 300 | H1: GONDOLE SIMPLE BASE + 7 1600 X 700 X 200 | I1: SUITE GONDOLE SIMPLE BASE + 7 1600 X 700 X 200 | J1: GONDOLE SIMPLE BASE + 7 1600 X 500 X 200
D3: QUANTITÉ | E3: 0 | F3: 0 | G3: 0 | H3: 0 | I3: 0 | J3: 0 | O3: TOTAL | P3: PRIX
A4: BACK PANEL 400X500 | B4: Fond 400 x 500 | D4: 3.20712 | O4: =SUM(E4:J4) -> 0 | P4: =D4*O4 -> 0
A5: BACK PANEL 500X500 | B5: fond 500 x 500 | D5: 4.10872 | G5: =6*G3 -> 0 | J5: =6*J3 -> 0 | O5: =SUM(E5:J5) -> 0 | P5: =D5*O5 -> 0
A6: BACK PANEL 400X700 | B6: Fond 400 x 700 | D6: 3.47 | O6: =SUM(E6:J6) -> 0 | P6: =D6*O6 -> 0
A7: BACK PANEL 500X700 | B7: fond 500 x 700 | D7: 4.27 | E7: =6*E3 -> 0 | F7: =6*F3 -> 0 | H7: =6*H3 -> 0 | I7: =6*I3 -> 0 | O7: =SUM(E7:J7) -> 0 | P7: =D7*O7 -> 0
A8: SLIDING BACK PANEL 400X700 | B8: fond extensible 400 | D8: 6.23 | O8: =SUM(E8:J8) -> 0 | P8: =D8*O8 -> 0
A9: SLIDING BACK PANEL 500X700 | B9: Fond extensible 500 | D9: 7.658 | O9: =SUM(E9:J9) -> 0 | P9: =D9*O9 -> 0
A10: SHELF MONOBLOCK (WITHOUT C LABELS) 200X500 | B10: Tablette 200 x 500 | C10: SEPERATOR WITHOUT HOLES - FLAT separateur sans trou | D10: 2.4472 | J10: =8*J3 -> 0 | O10: =SUM(E10:J10) -> 0 | P10: =D10*O10 -> 0
A11: SHELF MONOBLOCK (WITHOUT C LABELS) 200X700 | B11: Tablette 200 x 700 | C11: SEPERATOR WITHOUT HOLES - FLAT separateur sans trou | D11: 3.38744 | H11: =8*H3 -> 0 | I11: =8*I3 -> 0 | O11: =SUM(E11:J11) -> 0 | P11: =D11*O11 -> 0
A12: SHELF MONOBLOCK (WITHOUT C LABELS) 200X700 | B12: Tablette 200 x 700 pour bacs soldeurs | C12: GLASS SEPERATOR PERFORATED perforation pour separateur verre | D12: 3.38744 | O12: =SUM(E12:J12) -> 0 | P12: =D12*O12 -> 0
A13: SHELF MONOBLOCK (WITHOUT C LABELS) 300X700 | B13: Tabette 300 x 700 pour bacs soldeurs | C13: GLASS SEPERATOR PERFORATED perforation pour separateur verre | D13: 4.0572 | O13: =SUM(E13:J13) -> 0 | P13: =D13*O13 -> 0
A14: SHELF MONOBLOCK (WITHOUT C LABELS) 400 X 700 | B14: Tabette 400 x 700 pour bacs soldeurs | C14: GLASS SEPERATOR PERFORATED perforation pour separateur verre | D14: 4.0572 | O14: =SUM(E14:J14) -> 0 | P14: =D14*O14 -> 0
A15: SHELF MONOBLOCK (WITHOUT C LABELS) 200 X 500 | B15: Tabette 200 x 500 pour bacs soldeurs | C15: GLASS SEPERATOR PERFORATED perforation pour separateur verre | D15: 4.0572 | O15: =SUM(E15:J15) -> 0 | P15: =D15*O15 -> 0
A16: SHELF MONOBLOCK (WITHOUT C LABELS) 300 X 500 | B16: Tabette 300 x 500 pour bacs soldeurs | C16: GLASS SEPERATOR PERFORATED perforation pour separateur verre | D16: 4.0572 | O16: =SUM(E16:J16) -> 0 | P16: =D16*O16 -> 0
A17: SHELF MONOBLOCK (WITHOUT C LABELS) 400 X 500 | B17: Tabette 400 x 500 pour bacs soldeurs | C17: GLASS SEPERATOR PERFORATED perforation pour separateur verre | D17: 4.0572 | O17: =SUM(E17:J17) -> 0 | P17: =D17*O17 -> 0
A18: SHELF MONOBLOCK (WITHOUT C LABELS) 300X500 | B18: Tabette 300 x 500 sans trou | C18: SEPERATOR WITHOUT HOLES - FLAT separateur sans trou | D18: 4.0572 | G18: =8*G3 -> 0 | O18: =SUM(E18:J18) -> 0 | P18: =D18*O18 -> 0
A19: SHELF MONOBLOCK (WITHOUT C LABELS) 400X500 | B19: Tabette 400 x 500 sans trou | C19: SEPERATOR WITHOUT HOLES - FLAT separateur sans trou | D19: 4.0572 | O19: =SUM(E19:J19) -> 0 | P19: =D19*O19 -> 0
A20: SHELF MONOBLOCK (WITHOUT C LABELS) 300X700 | B20: Tabette 300 x 700 sans trou | C20: SEPERATOR WITHOUT HOLES - FLAT separateur sans trou | D20: 4.0572 | E20: =8*E3 -> 0 | F20: =8*F3 -> 0 | O20: =SUM(E20:J20) -> 0 | P20: =D20*O20 -> 0
A21: PERFORATED SHELF MONOBLOCK (WITHOUT C LABELS) 400X700 | B21: Tablette 400 x 700 sans trou | C21: SEPERATOR WITHOUT HOLES - FLAT separateur sans trou | D21: 5.3 | O21: =SUM(E21:J21) -> 0 | P21: =D21*O21 -> 0
A22: PERFORATED SHELF MONOBLOCK (WITHOUT C LABELS) 300X700 | B22: Tablette 300 x 700 perforée | C22: STANDART PERFORATED SHELF Tablette standard perforée | D22: 5.30656 | O22: =SUM(E22:J22) -> 0 | P22: =D22*O22 -> 0
A23: PERFORATED SHELF MONOBLOCK (WITHOUT C LABELS) 400X700 | B23: TABLETTE PERFORÉE (SANS PORTE ETIQUETTE) 400 X 700 | C23: STANDART PERFORATED SHELF Tablette standard perforée | D23: 5.30656 | O23: =SUM(E23:J23) -> 0 | P23: =D23*O23 -> 0
A24: GLASS SEPERATOR APPARATUS-CORNER | B24: SEPARATEUR VERRE D'ANGLE | D24: 0.24 | O24: =SUM(E24:J24) -> 0 | P24: =D24*O24 -> 0
A25: GLASS SEPERATOR APPARATUS-FLAT | B25: SEPARATEUR VERRE PLAT | D25: 0.17 | O25: =SUM(E25:J25) -> 0 | P25: =D25*O25 -> 0
A26: SIDE GLASS SEPERATOR 200X180 , 6MM TEMPERED GLASS | B26: VERRE LATÉRAL VERRE TREMPÉ 6MM 200 X 180 | D26: 7.2 | O26: =SUM(E26:J26) -> 0 | P26: =D26*O26 -> 0
A27: SIDE GLASS SEPERATOR 300X180 , 6MM TEMPERED GLASS | B27: VERRE LATÉRAL VERRE TREMPÉ 6MM 300 X 180 | D27: 7.2 | O27: =SUM(E27:J27) -> 0 | P27: =D27*O27 -> 0
A28: SIDE GLASS SEPERATOR 400X180 , 6MM TEMPERED GLASS | B28: VERRE LATÉRAL VERRE TREMPÉ 6MM 400 X 180 | D28: 7.2 | O28: =SUM(E28:J28) -> 0 | P28: =D28*O28 -> 0
A29: FRONT WINDOW SEPERATOR L:700 H:100, 6MM TEMPERED GLASS | B29: VERRE FRONTAL VERRE TREMPÉ 6 MM 700 X 100 | D29: 7.2 | O29: =SUM(E29:J29) -> 0 | P29: =D29*O29 -> 0
A30: FRONT WINDOW SEPERATOR L:500 H:100, 6MM TEMPERED GLASS | B30: VERRE FRONTAL VERRE TREMPÉ 6 MM 500 X 100 | D30: 7.2 | O30: =SUM(E30:J30) -> 0 | P30: =D30*O30 -> 0
A31: FRONT WINDOW SEPERATOR L:500 H:100, 6MM TEMPERED GLASS | B31: VERRE FRONTAL VERRE TREMPÉ 6 MM 500 X 100 | D31: 7.2 | O31: =SUM(E31:J31) -> 0 | P31: =D31*O31 -> 0
A32: GLASS SHELF (6mm TEMPERED) 200X500 | B32: Tablette verre 200 x 500 | C32: FOR THE MIDDLE COUNTER DESK pour inter comptoir | D32: 8.792 | O32: =SUM(E32:J32) -> 0 | P32: =D32*O32 -> 0
A33: GLASS SHELF (6mm TEMPERED) 200X500 | B33: Tablettes verres 200 X 500 | C33: FOR THE WALL UNIT Pour les linéaires muraux | D33: 8.792 | O33: =SUM(E33:J33) -> 0 | P33: =D33*O33 -> 0
A34: GLASS SHELF (6mm TEMPERED) 200X700 | B34: Tablettes verres 200 X 700 | C34: FOR THE WALL UNIT Pour les linéaires muraux | D34: 9.618 | O34: =SUM(E34:J34) -> 0 | P34: =D34*O34 -> 0
A35: GLASS SHELF (6mm TEMPERED) 300X500 | B35: Tablettes verres 300 X 500 | C35: FOR THE WALL UNIT Pour les linéaires muraux | D35: 9.618 | O35: =SUM(E35:J35) -> 0 | P35: =D35*O35 -> 0
A36: GLASS SHELF (6mm TEMPERED) 300X700 | B36: Tablettes verres 300 X 700 | C36: FOR THE WALL UNIT Pour les linéaires muraux | D36: 9.618 | O36: =SUM(E36:J36) -> 0 | P36: =D36*O36 -> 0
A37: SLIDING SHELF (WITHOUT HOLES) 200X700 | B37: Tablettes extensibles sans trou 300 X 700 | C37: RAL 7201 | D37: 6.622 | O37: =SUM(E37:J37) -> 0 | P37: =D37*O37 -> 0
A38: SLIDING SHELF (WITHOUT HOLES) 300X700 | B38: Tablettes extensibles sans trou 300 X 700 | C38: RAL 7201 | D38: 6.622 | O38: =SUM(E38:J38) -> 0 | P38: =D38*O38 -> 0
A39: SLIDING SHELF (WITHOUT HOLES) 400X700 | B39: Tablettes extensibles sans trou 400 X 700 | C39: RAL 9003 | D39: 8.652 | O39: =SUM(E39:J39) -> 0 | P39: =D39*O39 -> 0
A40: GLASS SHELF CONSOLE 200X700 | B40: Console tablettes verre 200 X 700 | C40: RAL 7201 | D40: 7.22 | O40: =SUM(E40:J40) -> 0 | P40: =D40*O40 -> 0
A41: GLASS SHELF CONSOLE (ONE PIECE) 200X500 | B41: Console tablettes verre 200 X 500 | C41: RAL 7201 | D41: 5.16 | O41: =SUM(E41:J41) -> 0 | P41: =D41*O41 -> 0
A42: GLASS SHELF CONSOLE 300X500 | B42: Console verre 300 x 500 | C42: RAL 7201 | D42: 7.22 | O42: =SUM(E42:J42) -> 0 | P42: =D42*O42 -> 0
A43: GLASS SHELF CONSOLE 300X700 | B43: Console verre 300 x 700 | C43: RAL 7201 | D43: 7.22 | O43: =SUM(E43:J43) -> 0 | P43: =D43*O43 -> 0
A44: METAL STANDART BRACKET FLAT 200 LÜK | B44: Console 200 | C44: RAL 7021 | D44: 0.66128526 | H44: =14*H3 -> 0 | I44: =14*I3 -> 0 | J44: =14*J3 -> 0 | O44: =SUM(E44:J44) -> 0 | P44: =D44*O44 -> 0
A45: METAL STANDART BRACKET FLAT 300 LÜK | B45: Console 300 | D45: 0.73 | E45: =14*E3 -> 0 | F45: =14*F3 -> 0 | G45: =14*G3 -> 0 | O45: =SUM(E45:J45) -> 0 | P45: =D45*O45 -> 0
A46: METAL STANDART BRACKET FLAT 400 LÜK | B46: Console 400 | D46: 0.73 | O46: =SUM(E46:J46) -> 0 | P46: =D46*O46 -> 0
A47: SLIDING METAL PLINTH PLAIN 700 | B47: Plinthe extensible | D47: 1.862 | O47: =SUM(E47:J47) -> 0 | P47: =D47*O47 -> 0
A48: METAL PLINTH PLAIN 500 | B48: Plinthe 500 | D48: 0.966 | G48: =1*G3 -> 0 | J48: =1*J3 -> 0 | O48: =SUM(E48:J48) -> 0 | P48: =D48*O48 -> 0
A49: METAL PLINTH PLAIN 700 | B49: Plinthe 700 | D49: 0.83 | E49: =1*E3 -> 0 | F49: =1*F3 -> 0 | H49: =1*H3 -> 0 | I49: =1*I3 -> 0 | O49: =SUM(E49:J49) -> 0 | P49: =D49*O49 -> 0
A50: PROFILE 30x60 H:2200 | B50: Montant 2200 | D50: 10.4972 | O50: =SUM(E50:J50) -> 0 | P50: =D50*O50 -> 0
A51: PROFILE 30x60 H:1800 | B51: Montant 1800 | D51: 8.6296 | O51: =SUM(E51:J51) -> 0 | P51: =D51*O51 -> 0
A52: PROFILE 30x60 H:1600 | B52: Montant 1600 | D52: 6.78 | E52: =2*E3 -> 0 | F52: =1*F3 -> 0 | G52: =2*G3 -> 0 | H52: =2*H3 -> 0 | I52: =1*I3 -> 0 | J52: =2*J3 -> 0 | O52: =SUM(E52:J52) -> 0 | P52: =D52*O52 -> 0
A53: PROFILE 30x60 H:1400 | B53: Montant 1400 | D53: 6.78 | O53: =SUM(E53:J53) -> 0 | P53: =D53*O53 -> 0
A54: FOOT D:200 | B54: Pied 200 | D54: 2.66616 | H54: =2*H3 -> 0 | I54: =1*I3 -> 0 | J54: =2*J3 -> 0 | O54: =SUM(E54:J54) -> 0 | P54: =D54*O54 -> 0
A55: FOOT D:300 | B55: Pied 300 | D55: 3.43896 | E55: =2*E3 -> 0 | F55: =1*F3 -> 0 | G55: =2*G3 -> 0 | O55: =SUM(E55:J55) -> 0 | P55: =D55*O55 -> 0
A56: FOOT D:400 | B56: Pied 400 | D56: 3.43896 | O56: =SUM(E56:J56) -> 0 | P56: =D56*O56 -> 0
A57: Adjuster Clip 30*30 - 30*60 - 30*80 *Zinc* | B57: Clip de réglage | D57: 0.15512465 | E57: =2*E3 -> 0 | F57: =1*F3 -> 0 | G57: =2*G3 -> 0 | H57: =2*H3 -> 0 | I57: =1*I3 -> 0 | J57: =2*J3 -> 0 | O57: =SUM(E57:J57) -> 0 | P57: =D57*O57 -> 0
A58: Set Screw Ø30 M10*60 (Td-K8,8) *Zinc* | B58: vis de réglage M10*50 | D58: 0.27922438 | E58: =2*E3 -> 0 | F58: =1*F3 -> 0 | G58: =2*G3 -> 0 | H58: =2*H3 -> 0 | I58: =1*I3 -> 0 | J58: =2*J3 -> 0 | O58: =SUM(E58:J58) -> 0 | P58: =D58*O58 -> 0
A59: Bolt Imbus M10*50 (Bb-Td-Iso7380-K8,8) *Zinc* | B59: Boulon imbus M10*50 | D59: 0.12409972 | E59: =2*E3 -> 0 | F59: =1*F3 -> 0 | G59: =2*G3 -> 0 | H59: =2*H3 -> 0 | I59: =1*I3 -> 0 | J59: =2*J3 -> 0 | O59: =SUM(E59:J59) -> 0 | P59: =D59*O59 -> 0
A60: Nut with Fiber M10 (Ak-Dın985-K6,8) *Zinc* | B60: Ecrou avec fibre M10 | D60: 0.031024931 | E60: =2*E3 -> 0 | F60: =1*F3 -> 0 | G60: =2*G3 -> 0 | H60: =2*H3 -> 0 | I60: =1*I3 -> 0 | J60: =2*J3 -> 0 | O60: =SUM(E60:J60) -> 0 | P60: =D60*O60 -> 0
A61: CARRIER BAR 15X30 D:35 L:700 | B61: barre de charge 700 | D61: 3.49 | O61: =SUM(E61:J61) -> 0 | P61: =D61*O61 -> 0
A62: ADVERTISING CANOPY ON THE UNIT H:100 L:500 | B62: Capot Pub 500 | C62: 4 PCS SCREWS WILL BE ADDED TO EACH PIECE TO FIX THE BACK PANEL 4 vis devront être ajoutée pour une fixation sur les fonds | D62: 4.85 | G62: =1*G3 -> 0 | J62: =1*J3 -> 0 | O62: =SUM(E62:J62) -> 0 | P62: =D62*O62 -> 0
A63: ADVERTISING CANOPY ON THE UNIT H:100 L:700 | B63: Capot pub 700 | C63: 4 PCS SCREWS WILL BE ADDED TO EACH PIECE TO FIX THE BACK PANEL 4 vis devront être ajoutée pour une fixation sur les fonds | D63: 6.8 | E63: =1*E3 -> 0 | F63: =1*F3 -> 0 | H63: =1*H3 -> 0 | I63: =1*I3 -> 0 | O63: =SUM(E63:J63) -> 0 | P63: =D63*O63 -> 0
A64: APPARATUS FOR THE UNIT FIXING TO THE FLOOR | B64: Fixations pour le sol | D64: 1.14 | E64: =2*E3 -> 0 | F64: =1*F3 -> 0 | G64: =2*G3 -> 0 | H64: =2*H3 -> 0 | I64: =1*I3 -> 0 | J64: =2*J3 -> 0 | O64: =SUM(E64:J64) -> 0 | P64: =D64*O64 -> 0
A65: METAL FRONT WIRE H:50 L:700 | B65: Butée frontale métal 700 x 50 | D65: 1.22 | O65: =SUM(E65:J65) -> 0 | P65: =D65*O65 -> 0
A66: STANDARD 700 INTERCONNECTION | B66: barre de maintien700 | D66: 2.15 | O66: =SUM(E66:J66) -> 0 | P66: =D66*O66 -> 0
A67: PROFILE SHEET SIDE CLOSING RIGHT H:2200 D:60 | B67: Cache montant droit 2200 | D67: 5.558 | O67: =SUM(E67:J67) -> 0 | P67: =D67*O67 -> 0
A68: PROFILE SHEET SIDE CLOSING LEFT H:2200 D:60 | B68: cache montant gauche 2200 | D68: 5.558 | O68: =SUM(E68:J68) -> 0 | P68: =D68*O68 -> 0
A69: PROFILE SHEET SIDE CLOSING RIGHT H:1800 D:60 | B69: Cache montant droit 1800 | D69: 5.558 | O69: =SUM(E69:J69) -> 0 | P69: =D69*O69 -> 0
A70: PROFILE SHEET SIDE CLOSING LEFT H:1800 D:60 | B70: cache montant gauche 1800 | D70: 5.558 | O70: =SUM(E70:J70) -> 0 | P70: =D70*O70 -> 0
A71: PROFILE SHEET SIDE CLOSING RIGHT H:1600 D:60 | B71: Cache montant droit 1600 | D71: 5.558 | E71: =1*E3 -> 0 | G71: =1*G3 -> 0 | H71: =1*H3 -> 0 | J71: =1*J3 -> 0 | O71: =SUM(E71:J71) -> 0 | P71: =D71*O71 -> 0
A72: PROFILE SHEET SIDE CLOSING LEFT H:1600 D:60 | B72: cache montant gauche 1600 | D72: 5.558 | E72: =1*E3 -> 0 | G72: =1*G3 -> 0 | H72: =1*H3 -> 0 | J72: =1*J3 -> 0 | O72: =SUM(E72:J72) -> 0 | P72: =D72*O72 -> 0
A73: PROFILE SHEET SIDE CLOSING RIGHT H:1400 D:60 | B73: Cache montant droit 1400 | D73: 3.388 | O73: =SUM(E73:J73) -> 0 | P73: =D73*O73 -> 0
A74: PROFILE SHEET SIDE CLOSING LEFT H:1400 D:60 | B74: Cache montant gauche 1400 | D74: 3.388 | O74: =SUM(E74:J74) -> 0 | P74: =D74*O74 -> 0
A75: SHEET GONDOLA CAP ON UNIT L:700 D:60 | B75: capot 700 | D75: 2.128 | O75: =SUM(E75:J75) -> 0 | P75: =D75*O75 -> 0
A76: SHEET SLIDING GONDOLA CAP ON UNIT L:700 D:60 | B76: capot extensible | D76: 2.702 | O76: =SUM(E76:J76) -> 0 | P76: =D76*O76 -> 0
A77: SHEET GONDOLA CAP FOR FOOT RIGHT D:200 | B77: cache pied droit 200 | D77: 0.686 | H77: =1*H3 -> 0 | J77: =1*J3 -> 0 | O77: =SUM(E77:J77) -> 0 | P77: =D77*O77 -> 0
A78: SHEET GONDOLA CAP FOR FOOT LEFT D:200 | B78: cache pied gauche 200 | D78: 0.686 | H78: =1*H3 -> 0 | J78: =1*J3 -> 0 | O78: =SUM(E78:J78) -> 0 | P78: =D78*O78 -> 0
A79: SHEET GONDOLA CAP FOR FOOT RIGHT D:300 | B79: cache pied droit 300 | D79: 0.98 | E79: =1*E3 -> 0 | G79: =1*G3 -> 0 | O79: =SUM(E79:J79) -> 0 | P79: =D79*O79 -> 0
A80: SHEET GONDOLA CAP FOR FOOT LEFT D:300 | B80: Cache pied gauche 300 | D80: 0.98 | E80: =1*E3 -> 0 | G80: =1*G3 -> 0 | O80: =SUM(E80:J80) -> 0 | P80: =D80*O80 -> 0
A81: SHEET GONDOLA CAP FOR FOOT RIGHT D:400 | B81: cache pied droit 400 | D81: 0.98 | O81: =SUM(E81:J81) -> 0 | P81: =D81*O81 -> 0
A82: SHEET GONDOLA CAP FOR FOOT LEFT D:400 | B82: Cache pied gauche 400 | D82: 0.98 | O82: =SUM(E82:J82) -> 0 | P82: =D82*O82 -> 0
A83: MIDDLE COUNTER DESK-PERFORATED BACK PANEL AND ACCESSORIES LxWxH: 53x5x90 | B83: PANNEAU INTERCOMPTOIR PERFORÉ | D83: 19.138 | O83: =SUM(E83:J83) -> 0 | P83: =D83*O83 -> 0
A84: MIDDLE COUNTER DESK 30MM LACQUER WHITE MDF, BODY-DRAWERS 18MM LACQUER WHITE MDF, FRONT FACE 30MM SONOMA, TELESCOPIC RAIL DRAWERS, GxDxY: 53x60x107 (DOUBLE SIDED CABLE HOLE OPENING, THERMICOUS CABLE | B84: INTERCOMPTOIR | C84: SCREW AND SCREW CLOSER TAPE WILL BE GIVEN TO BIND THE COUNTER DESKS. | D84: 160.23 | O84: =SUM(E84:J84) -> 0 | P84: =D84*O84 -> 0
A85: MIDDLE COUNTER DESK RIHGT MODULE 30MM LACQUER WHITE MDF, BODY-DRAWERS 18MM LACQUER WHITE MDF, FRONT FACE 30MM SONOMA, TELESCOPIC RAIL DRAWERS, GxDxY:60x68x100 (BENCH EDGE BAND SONOMA) | B85: COMPTOIR DROIT | C85: SCREW AND SCREW CLOSER TAPE WILL BE GIVEN TO BIND THE COUNTER DESKS. | D85: 207.942 | O85: =SUM(E85:J85) -> 0 | P85: =D85*O85 -> 0
A86: MIDDLE COUNTER DESK LEFT MODULE 30MM LACQUER WHITE MDF, BODY-DRAWERS 18MM LACQUER WHITE MDF, FRONT FACE 30MM SONOMA, TELESCOPIC RAIL DRAWERS, GxDxY:60x68x100 (BENCH EDGE BAND SONOMA) | B86: COMPTOIR GAUCHE | C86: SCREW AND SCREW CLOSER TAPE WILL BE GIVEN TO BIND THE COUNTER DESKS. | D86: 207.942 | O86: =SUM(E86:J86) -> 0 | P86: =D86*O86 -> 0
A87: SINGLE WIRE HOOK FOR CARRIER BAR WITH LABELED (C.B. 15x30, Ø6- 300) L:200 | B87: BROCHE SIMPLE POUR BARRE DE CHARGE AVEC PORTE ÉTIQUETTE L 200 | D87: 0.75 | O87: =SUM(E87:J87) -> 0 | P87: =D87*O87 -> 0
A88: SINGLE WIRE HOOK FOR CARRIER BAR WITH LABELED (C.B. 15x30, Ø6- 300) L:300 | B88: BROCHE SIMPLE POUR BARRE DE CHARGE AVEC PORTE ÉTIQUETTE L 300 | D88: 0.75 | O88: =SUM(E88:J88) -> 0 | P88: =D88*O88 -> 0
A89: SINGLE WIRE HOOK FOR CARRIER BAR WITH LABELED (C.B. 15x30, Ø6- 300) L:400 | B89: BROCHE SIMPLE POUR BARRE DE CHARGE AVEC PORTE ÉTIQUETTE L 400 | D89: 0.75 | O89: =SUM(E89:J89) -> 0 | P89: =D89*O89 -> 0
A90: WIRE HOCK/PERFORATED PANET WITH TICKET RAIL L 200 | B90: BROCHE POUR PANNEAU PERFORÉ AVEC PORTE ÉTIQUETTE L 200 | D90: 0.75 | O90: =SUM(E90:J90) -> 0 | P90: =D90*O90 -> 0
O92: TOTAL | P92: =SUM(P4:P90) -> 0

Sheet GONDOLE SIMPLE 1800
A1: Désignation produit en anglais | B1: Désignation produit en francais | C1: remarques | D1: Prix d'achat unitaire HT | E1: GONDOLE SIMPLE BASE + 8 1800 X 700 X 300 | F1: SUITE GONDOLE SIMPLE BASE + 8 1800 X 700 X 300 | G1: GONDOLE SIMPLE BASE + 8 1800 X 500 X 300 | H1: GONDOLE SIMPLE BASE + 8 1800 X 700 X 200 | I1: SUITE GONDOLE SIMPLE BASE + 8 1800 X 700 X 200 | J1: GONDOLE SIMPLE BASE + 8 1800 X 500 X 200
D3: QUANTITÉ | E3: 0 | F3: 0 | G3: 0 | H3: 0 | I3: 0 | J3: 0 | O3: TOTAL | P3: PRIX
A4: BACK PANEL 400X500 | B4: Fond 400 x 500 | D4: 3.20712 | G4: =6*G3 -> 0 | J4: =6*J3 -> 0 | O4: =SUM(E4:J4) -> 0 | P4: =D4*O4 -> 0
A5: BACK PANEL 500X500 | B5: fond 500 x 500 | D5: 4.10872 | G5: =2*G3 -> 0 | J5: =2*J3 -> 0 | O5: =SUM(E5:J5) -> 0 | P5: =D5*O5 -> 0
A6: BACK PANEL 400X700 | B6: Fond 400 x 700 | D6: 3.47 | E6: =6*E3 -> 0 | F6: =6*F3 -> 0 | H6: =6*H3 -> 0 | I6: =6*I3 -> 0 | O6: =SUM(E6:J6) -> 0 | P6: =D6*O6 -> 0
A7: BACK PANEL 500X700 | B7: fond 500 x 700 | D7: 4.27 | E7: =2*E3 -> 0 | F7: =2*F3 -> 0 | H7: =2*H3 -> 0 | I7: =2*I3 -> 0 | O7: =SUM(E7:J7) -> 0 | P7: =D7*O7 -> 0
A8: SLIDING BACK PANEL 400X700 | B8: fond extensible 400 | D8: 6.23 | O8: =SUM(E8:J8) -> 0 | P8: =D8*O8 -> 0
A9: SLIDING BACK PANEL 500X700 | B9: Fond extensible 500 | D9: 7.658 | O9: =SUM(E9:J9) -> 0 | P9: =D9*O9 -> 0
A10: SHELF MONOBLOCK (WITHOUT C LABELS) 200X500 | B10: Tablette 200 x 500 | C10: SEPERATOR WITHOUT HOLES - FLAT separateur sans trou | D10: 2.4472 | J10: =9*J3 -> 0 | O10: =SUM(E10:J10) -> 0 | P10: =D10*O10 -> 0
A11: SHELF MONOBLOCK (WITHOUT C LABELS) 200X700 | B11: Tablette 200 x 700 | C11: SEPERATOR WITHOUT HOLES - FLAT separateur sans trou | D11: 3.38744 | H11: =9*H3 -> 0 | I11: =9*I3 -> 0 | O11: =SUM(E11:J11) -> 0 | P11: =D11*O11 -> 0
A12: SHELF MONOBLOCK (WITHOUT C LABELS) 200X700 | B12: Tablette 200 x 700 pour bacs soldeurs | C12: GLASS SEPERATOR PERFORATED perforation pour separateur verre | D12: 3.38744 | O12: =SUM(E12:J12) -> 0 | P12: =D12*O12 -> 0
A13: SHELF MONOBLOCK (WITHOUT C LABELS) 300X700 | B13: Tabette 300 x 700 pour bacs soldeurs | C13: GLASS SEPERATOR PERFORATED perforation pour separateur verre | D13: 4.0572 | O13: =SUM(E13:J13) -> 0 | P13: =D13*O13 -> 0
A14: SHELF MONOBLOCK (WITHOUT C LABELS) 400 X 700 | B14: Tabette 400 x 700 pour bacs soldeurs | C14: GLASS SEPERATOR PERFORATED perforation pour separateur verre | D14: 4.0572 | O14: =SUM(E14:J14) -> 0 | P14: =D14*O14 -> 0
A15: SHELF MONOBLOCK (WITHOUT C LABELS) 200 X 500 | B15: Tabette 200 x 500 pour bacs soldeurs | C15: GLASS SEPERATOR PERFORATED perforation pour separateur verre | D15: 4.0572 | O15: =SUM(E15:J15) -> 0 | P15: =D15*O15 -> 0
A16: SHELF MONOBLOCK (WITHOUT C LABELS) 300 X 500 | B16: Tabette 300 x 500 pour bacs soldeurs | C16: GLASS SEPERATOR PERFORATED perforation pour separateur verre | D16: 4.0572 | O16: =SUM(E16:J16) -> 0 | P16: =D16*O16 -> 0
A17: SHELF MONOBLOCK (WITHOUT C LABELS) 400 X 500 | B17: Tabette 400 x 500 pour bacs soldeurs | C17: GLASS SEPERATOR PERFORATED perforation pour separateur verre | D17: 4.0572 | O17: =SUM(E17:J17) -> 0 | P17: =D17*O17 -> 0
A18: SHELF MONOBLOCK (WITHOUT C LABELS) 300X500 | B18: Tabette 300 x 500 sans trou | C18: SEPERATOR WITHOUT HOLES - FLAT separateur sans trou | D18: 4.0572 | G18: =9*G3 -> 0 | O18: =SUM(E18:J18) -> 0 | P18: =D18*O18 -> 0
A19: SHELF MONOBLOCK (WITHOUT C LABELS) 400X500 | B19: Tabette 400 x 500 sans trou | C19: SEPERATOR WITHOUT HOLES - FLAT separateur sans trou | D19: 4.0572 | O19: =SUM(E19:J19) -> 0 | P19: =D19*O19 -> 0
A20: SHELF MONOBLOCK (WITHOUT C LABELS) 300X700 | B20: Tabette 300 x 700 sans trou | C20: SEPERATOR WITHOUT HOLES - FLAT separateur sans trou | D20: 4.0572 | E20: =9*E3 -> 0 | F20: =9*F3 -> 0 | O20: =SUM(E20:J20) -> 0 | P20: =D20*O20 -> 0
A21: PERFORATED SHELF MONOBLOCK (WITHOUT C LABELS) 400X700 | B21: Tablette 400 x 700 sans trou | C21: SEPERATOR WITHOUT HOLES - FLAT separateur sans trou | D21: 5.3 | O21: =SUM(E21:J21) -> 0 | P21: =D21*O21 -> 0
A22: PERFORATED SHELF MONOBLOCK (WITHOUT C LABELS) 300X700 | B22: Tablette 300 x 700 perforée | C22: STANDART PERFORATED SHELF Tablette standard perforée | D22: 5.30656 | O22: =SUM(E22:J22) -> 0 | P22: =D22*O22 -> 0
A23: PERFORATED SHELF MONOBLOCK (WITHOUT C LABELS) 400X700 | B23: TABLETTE PERFORÉE (SANS PORTE ETIQUETTE) 400 X 700 | C23: STANDART PERFORATED SHELF Tablette standard perforée | D23: 5.30656 | O23: =SUM(E23:J23) -> 0 | P23: =D23*O23 -> 0
A24: GLASS SEPERATOR APPARATUS-CORNER | B24: SEPARATEUR VERRE D'ANGLE | D24: 0.24 | O24: =SUM(E24:J24) -> 0 | P24: =D24*O24 -> 0
A25: GLASS SEPERATOR APPARATUS-FLAT | B25: SEPARATEUR VERRE PLAT | D25: 0.17 | O25: =SUM(E25:J25) -> 0 | P25: =D25*O25 -> 0
A26: SIDE GLASS SEPERATOR 200X180 , 6MM TEMPERED GLASS | B26: VERRE LATÉRAL VERRE TREMPÉ 6MM 200 X 180 | D26: 7.2 | O26: =SUM(E26:J26) -> 0 | P26: =D26*O26 -> 0
A27: SIDE GLASS SEPERATOR 300X180 , 6MM TEMPERED GLASS | B27: VERRE LATÉRAL VERRE TREMPÉ 6MM 300 X 180 | D27: 7.2 | O27: =SUM(E27:J27) -> 0 | P27: =D27*O27 -> 0
A28: SIDE GLASS SEPERATOR 400X180 , 6MM TEMPERED GLASS | B28: VERRE LATÉRAL VERRE TREMPÉ 6MM 400 X 180 | D28: 7.2 | O28: =SUM(E28:J28) -> 0 | P28: =D28*O28 -> 0
A29: FRONT WINDOW SEPERATOR L:700 H:100, 6MM TEMPERED GLASS | B29: VERRE FRONTAL VERRE TREMPÉ 6 MM 700 X 100 | D29: 7.2 | O29: =SUM(E29:J29) -> 0 | P29: =D29*O29 -> 0
A30: FRONT WINDOW SEPERATOR L:500 H:100, 6MM TEMPERED GLASS | B30: VERRE FRONTAL VERRE TREMPÉ 6 MM 500 X 100 | D30: 7.2 | O30: =SUM(E30:J30) -> 0 | P30: =D30*O30 -> 0
A31: FRONT WINDOW SEPERATOR L:500 H:100, 6MM TEMPERED GLASS | B31: VERRE FRONTAL VERRE TREMPÉ 6 MM 500 X 100 | D31: 7.2 | O31: =SUM(E31:J31) -> 0 | P31: =D31*O31 -> 0
A32: GLASS SHELF (6mm TEMPERED) 200X500 | B32: Tablette verre 200 x 500 | C32: FOR THE MIDDLE COUNTER DESK pour inter comptoir | D32: 8.792 | O32: =SUM(E32:J32) -> 0 | P32: =D32*O32 -> 0
A33: GLASS SHELF (6mm TEMPERED) 200X500 | B33: Tablettes verres 200 X 500 | C33: FOR THE WALL UNIT Pour les linéaires muraux | D33: 8.792 | O33: =SUM(E33:J33) -> 0 | P33: =D33*O33 -> 0
A34: GLASS SHELF (6mm TEMPERED) 200X700 | B34: Tablettes verres 200 X 700 | C34: FOR THE WALL UNIT Pour les linéaires muraux | D34: 9.618 | O34: =SUM(E34:J34) -> 0 | P34: =D34*O34 -> 0
A35: GLASS SHELF (6mm TEMPERED) 300X500 | B35: Tablettes verres 300 X 500 | C35: FOR THE WALL UNIT Pour les linéaires muraux | D35: 9.618 | O35: =SUM(E35:J35) -> 0 | P35: =D35*O35 -> 0
A36: GLASS SHELF (6mm TEMPERED) 300X700 | B36: Tablettes verres 300 X 700 | C36: FOR THE WALL UNIT Pour les linéaires muraux | D36: 9.618 | O36: =SUM(E36:J36) -> 0 | P36: =D36*O36 -> 0
A37: SLIDING SHELF (WITHOUT HOLES) 200X700 | B37: Tablettes extensibles sans trou 300 X 700 | C37: RAL 7201 | D37: 6.622 | O37: =SUM(E37:J37) -> 0 | P37: =D37*O37 -> 0
A38: SLIDING SHELF (WITHOUT HOLES) 300X700 | B38: Tablettes extensibles sans trou 300 X 700 | C38: RAL 7201 | D38: 6.622 | O38: =SUM(E38:J38) -> 0 | P38: =D38*O38 -> 0
A39: SLIDING SHELF (WITHOUT HOLES) 400X700 | B39: Tablettes extensibles sans trou 400 X 700 | C39: RAL 9003 | D39: 8.652 | O39: =SUM(E39:J39) -> 0 | P39: =D39*O39 -> 0
A40: GLASS SHELF CONSOLE 200X700 | B40: Console tablettes verre 200 X 700 | C40: RAL 7201 | D40: 7.22 | O40: =SUM(E40:J40) -> 0 | P40: =D40*O40 -> 0
A41: GLASS SHELF CONSOLE (ONE PIECE) 200X500 | B41: Console tablettes verre 200 X 500 | C41: RAL 7201 | D41: 5.16 | O41: =SUM(E41:J41) -> 0 | P41: =D41*O41 -> 0
A42: GLASS SHELF CONSOLE 300X500 | B42: Console verre 300 x 500 | C42: RAL 7201 | D42: 7.22 | O42: =SUM(E42:J42) -> 0 | P42: =D42*O42 -> 0
A43: GLASS SHELF CONSOLE 300X700 | B43: Console verre 300 x 700 | C43: RAL 7201 | D43: 7.22 | O43: =SUM(E43:J43) -> 0 | P43: =D43*O43 -> 0
A44: METAL STANDART BRACKET FLAT 200 LÜK | B44: Console 200 | C44: RAL 7021 | D44: 0.66128526 | H44: =16*H3 -> 0 | I44: =16*I3 -> 0 | J44: =16*J3 -> 0 | O44: =SUM(E44:J44) -> 0 | P44: =D44*O44 -> 0
A45: METAL STANDART BRACKET FLAT 300 LÜK | B45: Console 300 | D45: 0.73 | E45: =16*E3 -> 0 | F45: =16*F3 -> 0 | G45: =16*G3 -> 0 | O45: =SUM(E45:J45) -> 0 | P45: =D45*O45 -> 0
A46: METAL STANDART BRACKET FLAT 400 LÜK | B46: Console 400 | D46: 0.73 | O46: =SUM(E46:J46) -> 0 | P46: =D46*O46 -> 0
A47: SLIDING METAL PLINTH PLAIN 700 | B47: Plinthe extensible | D47: 1.862 | O47: =SUM(E47:J47) -> 0 | P47: =D47*O47 -> 0
A48: METAL PLINTH PLAIN 500 | B48: Plinthe 500 | D48: 0.966 | G48: =1*G3 -> 0 | J48: =1*J3 -> 0 | O48: =SUM(E48:J48) -> 0 | P48: =D48*O48 -> 0
A49: METAL PLINTH PLAIN 700 | B49: Plinthe 700 | D49: 0.83 | E49: =1*E3 -> 0 | F49: =1*F3 -> 0 | H49: =1*H3 -> 0 | I49: =1*I3 -> 0 | O49: =SUM(E49:J49) -> 0 | P49: =D49*O49 -> 0
A50: PROFILE 30x60 H:2200 | B50: Montant 2200 | D50: 10.4972 | O50: =SUM(E50:J50) -> 0 | P50: =D50*O50 -> 0
A51: PROFILE 30x60 H:1800 | B51: Montant 1800 | D51: 8.6296 | E51: =2*E3 -> 0 | F51: =1*F3 -> 0 | G51: =2*G3 -> 0 | H51: =2*H3 -> 0 | I51: =1*I3 -> 0 | J51: =2*J3 -> 0 | O51: =SUM(E51:J51) -> 0 | P51: =D51*O51 -> 0
A52: PROFILE 30x60 H:1600 | B52: Montant 1600 | D52: 6.78 | O52: =SUM(E52:J52) -> 0 | P52: =D52*O52 -> 0
A53: PROFILE 30x60 H:1400 | B53: Montant 1400 | D53: 6.78 | O53: =SUM(E53:J53) -> 0 | P53: =D53*O53 -> 0
A54: FOOT D:200 | B54: Pied 200 | D54: 2.66616 | H54: =2*H3 -> 0 | I54: =1*I3 -> 0 | J54: =2*J3 -> 0 | O54: =SUM(E54:J54) -> 0 | P54: =D54*O54 -> 0
A55: FOOT D:300 | B55: Pied 300 | D55: 3.43896 | E55: =2*E3 -> 0 | F55: =1*F3 -> 0 | G55: =2*G3 -> 0 | O55: =SUM(E55:J55) -> 0 | P55: =D55*O55 -> 0
A56: FOOT D:400 | B56: Pied 400 | D56: 3.43896 | O56: =SUM(E56:J56) -> 0 | P56: =D56*O56 -> 0
A57: Adjuster Clip 30*30 - 30*60 - 30*80 *Zinc* | B57: Clip de réglage | D57: 0.15512465 | E57: =2*E3 -> 0 | F57: =1*F3 -> 0 | G57: =2*G3 -> 0 | H57: =2*H3 -> 0 | I57: =1*I3 -> 0 | J57: =2*J3 -> 0 | O57: =SUM(E57:J57) -> 0 | P57: =D57*O57 -> 0
A58: Set Screw Ø30 M10*60 (Td-K8,8) *Zinc* | B58: vis de réglage M10*50 | D58: 0.27922438 | E58: =2*E3 -> 0 | F58: =1*F3 -> 0 | G58: =2*G3 -> 0 | H58: =2*H3 -> 0 | I58: =1*I3 -> 0 | J58: =2*J3 -> 0 | O58: =SUM(E58:J58) -> 0 | P58: =D58*O58 -> 0
A59: Bolt Imbus M10*50 (Bb-Td-Iso7380-K8,8) *Zinc* | B59: Boulon imbus M10*50 | D59: 0.12409972 | E59: =2*E3 -> 0 | F59: =1*F3 -> 0 | G59: =2*G3 -> 0 | H59: =2*H3 -> 0 | I59: =1*I3 -> 0 | J59: =2*J3 -> 0 | O59: =SUM(E59:J59) -> 0 | P59: =D59*O59 -> 0
A60: Nut with Fiber M10 (Ak-Dın985-K6,8) *Zinc* | B60: Ecrou avec fibre M10 | D60: 0.031024931 | E60: =2*E3 -> 0 | F60: =1*F3 -> 0 | G60: =2*G3 -> 0 | H60: =2*H3 -> 0 | I60: =1*I3 -> 0 | J60: =2*J3 -> 0 | O60: =SUM(E60:J60) -> 0 | P60: =D60*O60 -> 0
A61: CARRIER BAR 15X30 D:35 L:700 | B61: barre de charge 700 | D61: 3.49 | O61: =SUM(E61:J61) -> 0 | P61: =D61*O61 -> 0
A62: ADVERTISING CANOPY ON THE UNIT H:100 L:500 | B62: Capot Pub 500 | C62: 4 PCS SCREWS WILL BE ADDED TO EACH PIECE TO FIX THE BACK PANEL 4 vis devront être ajoutée pour une fixation sur les fonds | D62: 4.85 | G62: =1*G3 -> 0 | J62: =1*J3 -> 0 | O62: =SUM(E62:J62) -> 0 | P62: =D62*O62 -> 0
A63: ADVERTISING CANOPY ON THE UNIT H:100 L:700 | B63: Capot pub 700 | C63: 4 PCS SCREWS WILL BE ADDED TO EACH PIECE TO FIX THE BACK PANEL 4 vis devront être ajoutée pour une fixation sur les fonds | D63: 6.8 | E63: =1*E3 -> 0 | F63: =1*F3 -> 0 | H63: =1*H3 -> 0 | I63: =1*I3 -> 0 | O63: =SUM(E63:J63) -> 0 | P63: =D63*O63 -> 0
A64: APPARATUS FOR THE UNIT FIXING TO THE FLOOR | B64: Fixations pour le sol | D64: 1.14 | E64: =2*E3 -> 0 | F64: =1*F3 -> 0 | G64: =2*G3 -> 0 | H64: =2*H3 -> 0 | I64: =1*I3 -> 0 | J64: =2*J3 -> 0 | O64: =SUM(E64:J64) -> 0 | P64: =D64*O64 -> 0
A65: METAL FRONT WIRE H:50 L:700 | B65: Butée frontale métal 700 x 50 | D65: 1.22 | O65: =SUM(E65:J65) -> 0 | P65: =D65*O65 -> 0
A66: STANDARD 700 INTERCONNECTION | B66: barre de maintien 700 | D66: 2.15 | O66: =SUM(E66:J66) -> 0 | P66: =D66*O66 -> 0
A67: PROFILE SHEET SIDE CLOSING RIGHT H:2200 D:60 | B67: Cache montant droit 2200 | D67: 5.558 | O67: =SUM(E67:J67) -> 0 | P67: =D67*O67 -> 0
A68: PROFILE SHEET SIDE CLOSING LEFT H:2200 D:60 | B68: cache montant gauche 2200 | D68: 5.558 | O68: =SUM(E68:J68) -> 0 | P68: =D68*O68 -> 0
A69: PROFILE SHEET SIDE CLOSING RIGHT H:1800 D:60 | B69: Cache montant droit 1800 | D69: 5.558 | E69: =1*E3 -> 0 | G69: =1*G3 -> 0 | H69: =1*H3 -> 0 | J69: =1*J3 -> 0 | O69: =SUM(E69:J69) -> 0 | P69: =D69*O69 -> 0
A70: PROFILE SHEET SIDE CLOSING LEFT H:1800 D:60 | B70: cache montant gauche 1800 | D70: 5.558 | E70: =1*E3 -> 0 | G70: =1*G3 -> 0 | H70: =1*H3 -> 0 | J70: =1*J3 -> 0 | O70: =SUM(E70:J70) -> 0 | P70: =D70*O70 -> 0
A71: PROFILE SHEET SIDE CLOSING RIGHT H:1600 D:60 | B71: Cache montant droit 1600 | D71: 5.558 | O71: =SUM(E71:J71) -> 0 | P71: =D71*O71 -> 0
A72: PROFILE SHEET SIDE CLOSING LEFT H:1600 D:60 | B72: cache montant gauche 1600 | D72: 5.558 | O72: =SUM(E72:J72) -> 0 | P72: =D72*O72 -> 0
A73: PROFILE SHEET SIDE CLOSING RIGHT H:1400 D:60 | B73: Cache montant droit 1400 | D73: 3.388 | O73: =SUM(E73:J73) -> 0 | P73: =D73*O73 -> 0
A74: PROFILE SHEET SIDE CLOSING LEFT H:1400 D:60 | B74: Cache montant gauche 1400 | D74: 3.388 | O74: =SUM(E74:J74) -> 0 | P74: =D74*O74 -> 0
A75: SHEET GONDOLA CAP ON UNIT L:700 D:60 | B75: capot 700 | D75: 2.128 | O75: =SUM(E75:J75) -> 0 | P75: =D75*O75 -> 0
A76: SHEET SLIDING GONDOLA CAP ON UNIT L:700 D:60 | B76: capot extensible | D76: 2.702 | O76: =SUM(E76:J76) -> 0 | P76: =D76*O76 -> 0
A77: SHEET GONDOLA CAP FOR FOOT RIGHT D:200 | B77: cache pied droit 200 | D77: 0.686 | H77: =1*H3 -> 0 | J77: =1*J3 -> 0 | O77: =SUM(E77:J77) -> 0 | P77: =D77*O77 -> 0
A78: SHEET GONDOLA CAP FOR FOOT LEFT D:200 | B78: cache pied gauche 200 | D78: 0.686 | H78: =1*H3 -> 0 | J78: =1*J3 -> 0 | O78: =SUM(E78:J78) -> 0 | P78: =D78*O78 -> 0
A79: SHEET GONDOLA CAP FOR FOOT RIGHT D:300 | B79: cache pied droit 300 | D79: 0.98 | E79: =1*E3 -> 0 | G79: =1*G3 -> 0 | O79: =SUM(E79:J79) -> 0 | P79: =D79*O79 -> 0
A80: SHEET GONDOLA CAP FOR FOOT LEFT D:300 | B80: Cache pied gauche 300 | D80: 0.98 | E80: =1*E3 -> 0 | G80: =1*G3 -> 0 | O80: =SUM(E80:J80) -> 0 | P80: =D80*O80 -> 0
A81: SHEET GONDOLA CAP FOR FOOT RIGHT D:400 | B81: cache pied droit 400 | D81: 0.98 | O81: =SUM(E81:J81) -> 0 | P81: =D81*O81 -> 0
A82: SHEET GONDOLA CAP FOR FOOT LEFT D:400 | B82: Cache pied gauche 400 | D82: 0.98 | O82: =SUM(E82:J82) -> 0 | P82: =D82*O82 -> 0
A83: MIDDLE COUNTER DESK-PERFORATED BACK PANEL AND ACCESSORIES LxWxH: 53x5x90 | B83: PANNEAU INTERCOMPTOIR PERFORÉ | D83: 19.138 | O83: =SUM(E83:J83) -> 0 | P83: =D83*O83 -> 0
A84: MIDDLE COUNTER DESK 30MM LACQUER WHITE MDF, BODY-DRAWERS 18MM LACQUER WHITE MDF, FRONT FACE 30MM SONOMA, TELESCOPIC RAIL DRAWERS, GxDxY: 53x60x107 (DOUBLE SIDED CABLE HOLE OPENING, THERMICOUS CABLE | B84: INTERCOMPTOIR | C84: SCREW AND SCREW CLOSER TAPE WILL BE GIVEN TO BIND THE COUNTER DESKS. | D84: 160.23 | O84: =SUM(E84:J84) -> 0 | P84: =D84*O84 -> 0
A85: MIDDLE COUNTER DESK RIHGT MODULE 30MM LACQUER WHITE MDF, BODY-DRAWERS 18MM LACQUER WHITE MDF, FRONT FACE 30MM SONOMA, TELESCOPIC RAIL DRAWERS, GxDxY:60x68x100 (BENCH EDGE BAND SONOMA) | B85: COMPTOIR DROIT | C85: SCREW AND SCREW CLOSER TAPE WILL BE GIVEN TO BIND THE COUNTER DESKS. | D85: 207.942 | O85: =SUM(E85:J85) -> 0 | P85: =D85*O85 -> 0
A86: MIDDLE COUNTER DESK LEFT MODULE 30MM LACQUER WHITE MDF, BODY-DRAWERS 18MM LACQUER WHITE MDF, FRONT FACE 30MM SONOMA, TELESCOPIC RAIL DRAWERS, GxDxY:60x68x100 (BENCH EDGE BAND SONOMA) | B86: COMPTOIR GAUCHE | C86: SCREW AND SCREW CLOSER TAPE WILL BE GIVEN TO BIND THE COUNTER DESKS. | D86: 207.942 | O86: =SUM(E86:J86) -> 0 | P86: =D86*O86 -> 0
A87: SINGLE WIRE HOOK FOR CARRIER BAR WITH LABELED (C.B. 15x30, Ø6- 300) L:200 | B87: BROCHE SIMPLE POUR BARRE DE CHARGE AVEC PORTE ÉTIQUETTE L 200 | D87: 0.75 | O87: =SUM(E87:J87) -> 0 | P87: =D87*O87 -> 0
A88: SINGLE WIRE HOOK FOR CARRIER BAR WITH LABELED (C.B. 15x30, Ø6- 300) L:300 | B88: BROCHE SIMPLE POUR BARRE DE CHARGE AVEC PORTE ÉTIQUETTE L 300 | D88: 0.75 | O88: =SUM(E88:J88) -> 0 | P88: =D88*O88 -> 0
A89: SINGLE WIRE HOOK FOR CARRIER BAR WITH LABELED (C.B. 15x30, Ø6- 300) L:400 | B89: BROCHE SIMPLE POUR BARRE DE CHARGE AVEC PORTE ÉTIQUETTE L 400 | D89: 0.75 | O89: =SUM(E89:J89) -> 0 | P89: =D89*O89 -> 0
A90: WIRE HOCK/PERFORATED PANET WITH TICKET RAIL L 200 | B90: BROCHE POUR PANNEAU PERFORÉ AVEC PORTE ÉTIQUETTE L 200 | D90: 0.75 | O90: =SUM(E90:J90) -> 0 | P90: =D90*O90 -> 0
O92: TOTAL | P92: =SUM(P4:P90) -> 0

Sheet GONDOLE DOUBLE 1400
A1: Désignation produit en anglais | B1: Désignation produit en francais | C1: remarques | D1: Prix d'achat unitaire HT | E1: GONDOLE DOUBLE FACE BASE + 6 1400 X 700 X 300 | F1: SUITE GONDOLE DOUBLE FACE BASE + 6 1400 X 700 X 300 | G1: GONDOLE DOUBLE FACE BASE + 6 1400 X 500 X 300 | H1: GONDOLE DOUBLE FACE BASE + 6 1400 X 700 X 200 | I1: SUITE GONDOLE DOUBLE FACE BASE + 6 1400 X 700 X 200 | J1: GONDOLE DOUBLE FACE BASE + 6 1400 X 500 X 200
D3: QUANTITÉ | E3: 0 | F3: 0 | G3: 0 | H3: 0 | I3: 0 | J3: 0 | O3: TOTAL | P3: PRIX
A4: BACK PANEL 400X500 | B4: Fond 400 x 500 | D4: 3.20712 | G4: =4*G3 -> 0 | J4: =4*J3 -> 0 | O4: =SUM(E4:J4) -> 0 | P4: =D4*O4 -> 0
A5: BACK PANEL 500X500 | B5: fond 500 x 500 | D5: 4.10872 | G5: =2*G3 -> 0 | J5: =2*J3 -> 0 | O5: =SUM(E5:J5) -> 0 | P5: =D5*O5 -> 0
A6: BACK PANEL 400X700 | B6: Fond 400 x 700 | D6: 3.47 | E6: =4*E3 -> 0 | F6: =4*F3 -> 0 | H6: =4*H3 -> 0 | I6: =4*I3 -> 0 | O6: =SUM(E6:J6) -> 0 | P6: =D6*O6 -> 0
A7: BACK PANEL 500X700 | B7: fond 500 x 700 | D7: 4.27 | E7: =2*E3 -> 0 | F7: =2*F3 -> 0 | H7: =2*H3 -> 0 | I7: =2*I3 -> 0 | O7: =SUM(E7:J7) -> 0 | P7: =D7*O7 -> 0
A8: SLIDING BACK PANEL 400X700 | B8: fond extensible 400 | D8: 6.23 | O8: =SUM(E8:J8) -> 0 | P8: =D8*O8 -> 0
A9: SLIDING BACK PANEL 500X700 | B9: Fond extensible 500 | D9: 7.658 | O9: =SUM(E9:J9) -> 0 | P9: =D9*O9 -> 0
A10: SHELF MONOBLOCK (WITHOUT C LABELS) 200X500 | B10: Tablette 200 x 500 | C10: SEPERATOR WITHOUT HOLES - FLAT separateur sans trou | D10: 2.4472 | J10: =14*J3 -> 0 | O10: =SUM(E10:J10) -> 0 | P10: =D10*O10 -> 0
A11: SHELF MONOBLOCK (WITHOUT C LABELS) 200X700 | B11: Tablette 200 x 700 | C11: SEPERATOR WITHOUT HOLES - FLAT separateur sans trou | D11: 3.38744 | H11: =14*H3 -> 0 | I11: =14*I3 -> 0 | O11: =SUM(E11:J11) -> 0 | P11: =D11*O11 -> 0
A12: SHELF MONOBLOCK (WITHOUT C LABELS) 200X700 | B12: Tablette 200 x 700 pour bacs soldeurs | C12: GLASS SEPERATOR PERFORATED perforation pour separateur verre | D12: 3.38744 | O12: =SUM(E12:J12) -> 0 | P12: =D12*O12 -> 0
A13: SHELF MONOBLOCK (WITHOUT C LABELS) 300X700 | B13: Tabette 300 x 700 pour bacs soldeurs | C13: GLASS SEPERATOR PERFORATED perforation pour separateur verre | D13: 4.0572 | O13: =SUM(E13:J13) -> 0 | P13: =D13*O13 -> 0
A14: SHELF MONOBLOCK (WITHOUT C LABELS) 400 X 700 | B14: Tabette 400 x 700 pour bacs soldeurs | C14: GLASS SEPERATOR PERFORATED perforation pour separateur verre | D14: 4.0572 | O14: =SUM(E14:J14) -> 0 | P14: =D14*O14 -> 0
A15: SHELF MONOBLOCK (WITHOUT C LABELS) 200 X 500 | B15: Tabette 200 x 500 pour bacs soldeurs | C15: GLASS SEPERATOR PERFORATED perforation pour separateur verre | D15: 4.0572 | O15: =SUM(E15:J15) -> 0 | P15: =D15*O15 -> 0
A16: SHELF MONOBLOCK (WITHOUT C LABELS) 300 X 500 | B16: Tabette 300 x 500 pour bacs soldeurs | C16: GLASS SEPERATOR PERFORATED perforation pour separateur verre | D16: 4.0572 | O16: =SUM(E16:J16) -> 0 | P16: =D16*O16 -> 0
A17: SHELF MONOBLOCK (WITHOUT C LABELS) 400 X 500 | B17: Tabette 400 x 500 pour bacs soldeurs | C17: GLASS SEPERATOR PERFORATED perforation pour separateur verre | D17: 4.0572 | O17: =SUM(E17:J17) -> 0 | P17: =D17*O17 -> 0
A18: SHELF MONOBLOCK (WITHOUT C LABELS) 300X500 | B18: Tabette 300 x 500 sans trou | C18: SEPERATOR WITHOUT HOLES - FLAT separateur sans trou | D18: 4.0572 | G18: =14*G3 -> 0 | O18: =SUM(E18:J18) -> 0 | P18: =D18*O18 -> 0
A19: SHELF MONOBLOCK (WITHOUT C LABELS) 400X500 | B19: Tabette 400 x 500 sans trou | C19: SEPERATOR WITHOUT HOLES - FLAT separateur sans trou | D19: 4.0572 | O19: =SUM(E19:J19) -> 0 | P19: =D19*O19 -> 0
A20: SHELF MONOBLOCK (WITHOUT C LABELS) 300X700 | B20: Tabette 300 x 700 sans trou | C20: SEPERATOR WITHOUT HOLES - FLAT separateur sans trou | D20: 4.0572 | E20: =14*E3 -> 0 | F20: =14*F3 -> 0 | O20: =SUM(E20:J20) -> 0 | P20: =D20*O20 -> 0
A21: PERFORATED SHELF MONOBLOCK (WITHOUT C LABELS) 400X700 | B21: Tablette 400 x 700 sans trou | C21: SEPERATOR WITHOUT HOLES - FLAT separateur sans trou | D21: 5.3 | O21: =SUM(E21:J21) -> 0 | P21: =D21*O21 -> 0
A22: PERFORATED SHELF MONOBLOCK (WITHOUT C LABELS) 300X700 | B22: Tablette 300 x 700 perforée | C22: STANDART PERFORATED SHELF Tablette standard perforée | D22: 5.30656 | O22: =SUM(E22:J22) -> 0 | P22: =D22*O22 -> 0
A23: PERFORATED SHELF MONOBLOCK (WITHOUT C LABELS) 400X700 | B23: TABLETTE PERFORÉE (SANS PORTE ETIQUETTE) 400 X 700 | C23: STANDART PERFORATED SHELF Tablette standard perforée | D23: 5.30656 | O23: =SUM(E23:J23) -> 0 | P23: =D23*O23 -> 0
A24: GLASS SEPERATOR APPARATUS-CORNER | B24: SEPARATEUR VERRE D'ANGLE | D24: 0.24 | O24: =SUM(E24:J24) -> 0 | P24: =D24*O24 -> 0
A25: GLASS SEPERATOR APPARATUS-FLAT | B25: SEPARATEUR VERRE PLAT | D25: 0.17 | O25: =SUM(E25:J25) -> 0 | P25: =D25*O25 -> 0
A26: SIDE GLASS SEPERATOR 200X180 , 6MM TEMPERED GLASS | B26: VERRE LATÉRAL VERRE TREMPÉ 6MM 200 X 180 | D26: 7.2 | O26: =SUM(E26:J26) -> 0 | P26: =D26*O26 -> 0
A27: SIDE GLASS SEPERATOR 300X180 , 6MM TEMPERED GLASS | B27: VERRE LATÉRAL VERRE TREMPÉ 6MM 300 X 180 | D27: 7.2 | O27: =SUM(E27:J27) -> 0 | P27: =D27*O27 -> 0
A28: SIDE GLASS SEPERATOR 400X180 , 6MM TEMPERED GLASS | B28: VERRE LATÉRAL VERRE TREMPÉ 6MM 400 X 180 | D28: 7.2 | O28: =SUM(E28:J28) -> 0 | P28: =D28*O28 -> 0
A29: FRONT WINDOW SEPERATOR L:700 H:100, 6MM TEMPERED GLASS | B29: VERRE FRONTAL VERRE TREMPÉ 6 MM 700 X 100 | D29: 7.2 | O29: =SUM(E29:J29) -> 0 | P29: =D29*O29 -> 0
A30: FRONT WINDOW SEPERATOR L:500 H:100, 6MM TEMPERED GLASS | B30: VERRE FRONTAL VERRE TREMPÉ 6 MM 500 X 100 | D30: 7.2 | O30: =SUM(E30:J30) -> 0 | P30: =D30*O30 -> 0
A31: FRONT WINDOW SEPERATOR L:500 H:100, 6MM TEMPERED GLASS | B31: VERRE FRONTAL VERRE TREMPÉ 6 MM 500 X 100 | D31: 7.2 | O31: =SUM(E31:J31) -> 0 | P31: =D31*O31 -> 0
A32: GLASS SHELF (6mm TEMPERED) 200X500 | B32: Tablette verre 200 x 500 | C32: FOR THE MIDDLE COUNTER DESK pour inter comptoir | D32: 8.792 | O32: =SUM(E32:J32) -> 0 | P32: =D32*O32 -> 0
A33: GLASS SHELF (6mm TEMPERED) 200X500 | B33: Tablettes verres 200 X 500 | C33: FOR THE WALL UNIT Pour les linéaires muraux | D33: 8.792 | O33: =SUM(E33:J33) -> 0 | P33: =D33*O33 -> 0
A34: GLASS SHELF (6mm TEMPERED) 200X700 | B34: Tablettes verres 200 X 700 | C34: FOR THE WALL UNIT Pour les linéaires muraux | D34: 9.618 | O34: =SUM(E34:J34) -> 0 | P34: =D34*O34 -> 0
A35: GLASS SHELF (6mm TEMPERED) 300X500 | B35: Tablettes verres 300 X 500 | C35: FOR THE WALL UNIT Pour les linéaires muraux | D35: 9.618 | O35: =SUM(E35:J35) -> 0 | P35: =D35*O35 -> 0
A36: GLASS SHELF (6mm TEMPERED) 300X700 | B36: Tablettes verres 300 X 700 | C36: FOR THE WALL UNIT Pour les linéaires muraux | D36: 9.618 | O36: =SUM(E36:J36) -> 0 | P36: =D36*O36 -> 0
A37: SLIDING SHELF (WITHOUT HOLES) 200X700 | B37: Tablettes extensibles sans trou 300 X 700 | C37: RAL 7201 | D37: 6.622 | O37: =SUM(E37:J37) -> 0 | P37: =D37*O37 -> 0
A38: SLIDING SHELF (WITHOUT HOLES) 300X700 | B38: Tablettes extensibles sans trou 300 X 700 | C38: RAL 7201 | D38: 6.622 | O38: =SUM(E38:J38) -> 0 | P38: =D38*O38 -> 0
A39: SLIDING SHELF (WITHOUT HOLES) 400X700 | B39: Tablettes extensibles sans trou 400 X 700 | C39: RAL 9003 | D39: 8.652 | O39: =SUM(E39:J39) -> 0 | P39: =D39*O39 -> 0
A40: GLASS SHELF CONSOLE 200X700 | B40: Console tablettes verre 200 X 700 | C40: RAL 7201 | D40: 7.22 | O40: =SUM(E40:J40) -> 0 | P40: =D40*O40 -> 0
A41: GLASS SHELF CONSOLE (ONE PIECE) 200X500 | B41: Console tablettes verre 200 X 500 | C41: RAL 7201 | D41: 5.16 | O41: =SUM(E41:J41) -> 0 | P41: =D41*O41 -> 0
A42: GLASS SHELF CONSOLE 300X500 | B42: Console verre 300 x 500 | C42: RAL 7201 | D42: 7.22 | O42: =SUM(E42:J42) -> 0 | P42: =D42*O42 -> 0
A43: GLASS SHELF CONSOLE 300X700 | B43: Console verre 300 x 700 | C43: RAL 7201 | D43: 7.22 | O43: =SUM(E43:J43) -> 0 | P43: =D43*O43 -> 0
A44: METAL STANDART BRACKET FLAT 200 LÜK | B44: Console 200 | C44: RAL 7021 | D44: 0.66128526 | H44: =24*H3 -> 0 | I44: =24*I3 -> 0 | J44: =24*J3 -> 0 | O44: =SUM(E44:J44) -> 0 | P44: =D44*O44 -> 0
A45: METAL STANDART BRACKET FLAT 300 LÜK | B45: Console 300 | D45: 0.73 | E45: =24*E3 -> 0 | F45: =24*F3 -> 0 | G45: =24*G3 -> 0 | O45: =SUM(E45:J45) -> 0 | P45: =D45*O45 -> 0
A46: METAL STANDART BRACKET FLAT 400 LÜK | B46: Console 400 | D46: 0.73 | O46: =SUM(E46:J46) -> 0 | P46: =D46*O46 -> 0
A47: SLIDING METAL PLINTH PLAIN 700 | B47: Plinthe extensible | D47: 1.862 | O47: =SUM(E47:J47) -> 0 | P47: =D47*O47 -> 0
A48: METAL PLINTH PLAIN 500 | B48: Plinthe 500 | D48: 0.966 | G48: =1*G3 -> 0 | J48: =1*J3 -> 0 | O48: =SUM(E48:J48) -> 0 | P48: =D48*O48 -> 0
A49: METAL PLINTH PLAIN 700 | B49: Plinthe 700 | D49: 0.83 | E49: =1*E3 -> 0 | F49: =1*F3 -> 0 | H49: =1*H3 -> 0 | I49: =1*I3 -> 0 | O49: =SUM(E49:J49) -> 0 | P49: =D49*O49 -> 0
A50: PROFILE 30x60 H:2200 | B50: Montant 2200 | D50: 10.4972 | O50: =SUM(E50:J50) -> 0 | P50: =D50*O50 -> 0
A51: PROFILE 30x60 H:1800 | B51: Montant 1800 | D51: 8.6296 | O51: =SUM(E51:J51) -> 0 | P51: =D51*O51 -> 0
A52: PROFILE 30x60 H:1600 | B52: Montant 1600 | D52: 6.78 | O52: =SUM(E52:J52) -> 0 | P52: =D52*O52 -> 0
A53: PROFILE 30x60 H:1400 | B53: Montant 1400 | D53: 6.78 | E53: =2*E3 -> 0 | F53: =1*F3 -> 0 | G53: =2*G3 -> 0 | H53: =2*H3 -> 0 | I53: =1*I3 -> 0 | J53: =2*J3 -> 0 | O53: =SUM(E53:J53) -> 0 | P53: =D53*O53 -> 0
A54: FOOT D:200 | B54: Pied 200 | D54: 2.66616 | H54: =4*H3 -> 0 | I54: =2*I3 -> 0 | J54: =4*J3 -> 0 | O54: =SUM(E54:J54) -> 0 | P54: =D54*O54 -> 0
A55: FOOT D:300 | B55: Pied 300 | D55: 3.43896 | E55: =4*E3 -> 0 | F55: =2*F3 -> 0 | G55: =4*G3 -> 0 | O55: =SUM(E55:J55) -> 0 | P55: =D55*O55 -> 0
A56: FOOT D:400 | B56: Pied 400 | D56: 3.43896 | O56: =SUM(E56:J56) -> 0 | P56: =D56*O56 -> 0
A57: Adjuster Clip 30*30 - 30*60 - 30*80 *Zinc* | B57: Clip de réglage | D57: 0.15512465 | E57: =4*E3 -> 0 | F57: =2*F3 -> 0 | G57: =4*G3 -> 0 | H57: =4*H3 -> 0 | I57: =2*I3 -> 0 | J57: =4*J3 -> 0 | O57: =SUM(E57:J57) -> 0 | P57: =D57*O57 -> 0
A58: Set Screw Ø30 M10*60 (Td-K8,8) *Zinc* | B58: vis de réglage M10*50 | D58: 0.27922438 | E58: =4*E3 -> 0 | F58: =2*F3 -> 0 | G58: =4*G3 -> 0 | H58: =4*H3 -> 0 | I58: =2*I3 -> 0 | J58: =4*J3 -> 0 | O58: =SUM(E58:J58) -> 0 | P58: =D58*O58 -> 0
A59: Bolt Imbus M10*50 (Bb-Td-Iso7380-K8,8) *Zinc* | B59: Boulon imbus M10*50 | D59: 0.12409972 | E59: =4*E3 -> 0 | F59: =2*F3 -> 0 | G59: =4*G3 -> 0 | H59: =4*H3 -> 0 | I59: =2*I3 -> 0 | J59: =4*J3 -> 0 | O59: =SUM(E59:J59) -> 0 | P59: =D59*O59 -> 0
A60: Nut with Fiber M10 (Ak-Dın985-K6,8) *Zinc* | B60: Ecrou avec fibre M10 | D60: 0.031024931 | E60: =4*E3 -> 0 | F60: =2*F3 -> 0 | G60: =4*G3 -> 0 | H60: =4*H3 -> 0 | I60: =2*I3 -> 0 | J60: =4*J3 -> 0 | O60: =SUM(E60:J60) -> 0 | P60: =D60*O60 -> 0
A61: CARRIER BAR 15X30 D:35 L:700 | B61: barre de charge 700 | D61: 3.49 | O61: =SUM(E61:J61) -> 0 | P61: =D61*O61 -> 0
A62: ADVERTISING CANOPY ON THE UNIT H:100 L:500 | B62: Capot Pub 500 | C62: 4 PCS SCREWS WILL BE ADDED TO EACH PIECE TO FIX THE BACK PANEL 4 vis devront être ajoutée pour une fixation sur les fonds | D62: 4.85 | G62: =1*G3 -> 0 | J62: =1*J3 -> 0 | O62: =SUM(E62:J62) -> 0 | P62: =D62*O62 -> 0
A63: ADVERTISING CANOPY ON THE UNIT H:100 L:700 | B63: Capot pub 700 | C63: 4 PCS SCREWS WILL BE ADDED TO EACH PIECE TO FIX THE BACK PANEL 4 vis devront être ajoutée pour une fixation sur les fonds | D63: 6.8 | E63: =1*E3 -> 0 | F63: =1*F3 -> 0 | H63: =1*H3 -> 0 | I63: =1*I3 -> 0 | O63: =SUM(E63:J63) -> 0 | P63: =D63*O63 -> 0
A64: APPARATUS FOR THE UNIT FIXING TO THE FLOOR | B64: Fixations pour le sol | D64: 1.14 | E64: =4*E3 -> 0 | F64: =2*F3 -> 0 | G64: =4*G3 -> 0 | H64: =4*H3 -> 0 | I64: =2*I3 -> 0 | J64: =4*J3 -> 0 | O64: =SUM(E64:J64) -> 0 | P64: =D64*O64 -> 0
A65: METAL FRONT WIRE H:50 L:700 | B65: Butée frontale métal 700 x 50 | D65: 1.22 | O65: =SUM(E65:J65) -> 0 | P65: =D65*O65 -> 0
A66: STANDARD 700 INTERCONNECTION | B66: barre de maintien 700 | D66: 2.15 | O66: =SUM(E66:J66) -> 0 | P66: =D66*O66 -> 0
A67: PROFILE SHEET SIDE CLOSING RIGHT H:2200 D:60 | B67: Cache montant droit 2200 | D67: 5.558 | O67: =SUM(E67:J67) -> 0 | P67: =D67*O67 -> 0
A68: PROFILE SHEET SIDE CLOSING LEFT H:2200 D:60 | B68: cache montant gauche 2200 | D68: 5.558 | O68: =SUM(E68:J68) -> 0 | P68: =D68*O68 -> 0
A69: PROFILE SHEET SIDE CLOSING RIGHT H:1800 D:60 | B69: Cache montant droit 1800 | D69: 5.558 | O69: =SUM(E69:J69) -> 0 | P69: =D69*O69 -> 0
A70: PROFILE SHEET SIDE CLOSING LEFT H:1800 D:60 | B70: cache montant gauche 1800 | D70: 5.558 | O70: =SUM(E70:J70) -> 0 | P70: =D70*O70 -> 0
A71: PROFILE SHEET SIDE CLOSING RIGHT H:1600 D:60 | B71: Cache montant droit 1600 | D71: 5.558 | O71: =SUM(E71:J71) -> 0 | P71: =D71*O71 -> 0
A72: PROFILE SHEET SIDE CLOSING LEFT H:1600 D:60 | B72: cache montant gauche 1600 | D72: 5.558 | O72: =SUM(E72:J72) -> 0 | P72: =D72*O72 -> 0
A73: PROFILE SHEET SIDE CLOSING RIGHT H:1400 D:60 | B73: Cache montant droit 1400 | D73: 3.388 | E73: =1*E3 -> 0 | G73: =1*G3 -> 0 | H73: =1*H3 -> 0 | J73: =1*J3 -> 0 | O73: =SUM(E73:J73) -> 0 | P73: =D73*O73 -> 0
A74: PROFILE SHEET SIDE CLOSING LEFT H:1400 D:60 | B74: Cache montant gauche 1400 | D74: 3.388 | E74: =1*E3 -> 0 | G74: =1*G3 -> 0 | H74: =1*H3 -> 0 | J74: =1*J3 -> 0 | O74: =SUM(E74:J74) -> 0 | P74: =D74*O74 -> 0
A75: SHEET GONDOLA CAP ON UNIT L:700 D:60 | B75: capot 700 | D75: 2.128 | O75: =SUM(E75:J75) -> 0 | P75: =D75*O75 -> 0
A76: SHEET SLIDING GONDOLA CAP ON UNIT L:700 D:60 | B76: capot extensible | D76: 2.702 | O76: =SUM(E76:J76) -> 0 | P76: =D76*O76 -> 0
A77: SHEET GONDOLA CAP FOR FOOT RIGHT D:200 | B77: cache pied droit 200 | D77: 0.686 | H77: =2*H3 -> 0 | J77: =2*J3 -> 0 | O77: =SUM(E77:J77) -> 0 | P77: =D77*O77 -> 0
A78: SHEET GONDOLA CAP FOR FOOT LEFT D:200 | B78: cache pied gauche 200 | D78: 0.686 | H78: =2*H3 -> 0 | J78: =2*J3 -> 0 | O78: =SUM(E78:J78) -> 0 | P78: =D78*O78 -> 0
A79: SHEET GONDOLA CAP FOR FOOT RIGHT D:300 | B79: cache pied droit 300 | D79: 0.98 | E79: =2*E3 -> 0 | G79: =2*G3 -> 0 | O79: =SUM(E79:J79) -> 0 | P79: =D79*O79 -> 0
A80: SHEET GONDOLA CAP FOR FOOT LEFT D:300 | B80: Cache pied gauche 300 | D80: 0.98 | E80: =2*E3 -> 0 | G80: =2*G3 -> 0 | O80: =SUM(E80:J80) -> 0 | P80: =D80*O80 -> 0
A81: SHEET GONDOLA CAP FOR FOOT RIGHT D:400 | B81: cache pied droit 400 | D81: 0.98 | O81: =SUM(E81:J81) -> 0 | P81: =D81*O81 -> 0
A82: SHEET GONDOLA CAP FOR FOOT LEFT D:400 | B82: Cache pied gauche 400 | D82: 0.98 | O82: =SUM(E82:J82) -> 0 | P82: =D82*O82 -> 0
A83: MIDDLE COUNTER DESK-PERFORATED BACK PANEL AND ACCESSORIES LxWxH: 53x5x90 | B83: PANNEAU INTERCOMPTOIR PERFORÉ | D83: 19.138 | O83: =SUM(E83:J83) -> 0 | P83: =D83*O83 -> 0
A84: MIDDLE COUNTER DESK 30MM LACQUER WHITE MDF, BODY-DRAWERS 18MM LACQUER WHITE MDF, FRONT FACE 30MM SONOMA, TELESCOPIC RAIL DRAWERS, GxDxY: 53x60x107 (DOUBLE SIDED CABLE HOLE OPENING, THERMICOUS CABLE | B84: INTERCOMPTOIR | C84: SCREW AND SCREW CLOSER TAPE WILL BE GIVEN TO BIND THE COUNTER DESKS. | D84: 160.23 | O84: =SUM(E84:J84) -> 0 | P84: =D84*O84 -> 0
A85: MIDDLE COUNTER DESK RIHGT MODULE 30MM LACQUER WHITE MDF, BODY-DRAWERS 18MM LACQUER WHITE MDF, FRONT FACE 30MM SONOMA, TELESCOPIC RAIL DRAWERS, GxDxY:60x68x100 (BENCH EDGE BAND SONOMA) | B85: COMPTOIR DROIT | C85: SCREW AND SCREW CLOSER TAPE WILL BE GIVEN TO BIND THE COUNTER DESKS. | D85: 207.942 | O85: =SUM(E85:J85) -> 0 | P85: =D85*O85 -> 0
A86: MIDDLE COUNTER DESK LEFT MODULE 30MM LACQUER WHITE MDF, BODY-DRAWERS 18MM LACQUER WHITE MDF, FRONT FACE 30MM SONOMA, TELESCOPIC RAIL DRAWERS, GxDxY:60x68x100 (BENCH EDGE BAND SONOMA) | B86: COMPTOIR GAUCHE | C86: SCREW AND SCREW CLOSER TAPE WILL BE GIVEN TO BIND THE COUNTER DESKS. | D86: 207.942 | O86: =SUM(E86:J86) -> 0 | P86: =D86*O86 -> 0
A87: SINGLE WIRE HOOK FOR CARRIER BAR WITH LABELED (C.B. 15x30, Ø6- 300) L:200 | B87: BROCHE SIMPLE POUR BARRE DE CHARGE AVEC PORTE ÉTIQUETTE L 200 | D87: 0.75 | O87: =SUM(E87:J87) -> 0 | P87: =D87*O87 -> 0
